file,line,type,commit,author,date,time,timezone,datetime,depth,length
styles.css,1,css,b3eabee,Neil Dandekar,2025-01-10,20:25:50,-08:00,2025-01-10T20:25:50-08:00,0,5
styles.css,2,css,3793c659,Neil Dandekar,2025-01-10,20:41:16,-08:00,2025-01-10T20:41:16-08:00,0,44
styles.css,3,css,3793c659,Neil Dandekar,2025-01-10,20:41:16,-08:00,2025-01-10T20:41:16-08:00,1,43
styles.css,4,css,3793c659,Neil Dandekar,2025-01-10,20:41:16,-08:00,2025-01-10T20:41:16-08:00,1,1
styles.css,5,css,b3eabee,Neil Dandekar,2025-01-10,20:25:50,-08:00,2025-01-10T20:25:50-08:00,0,24
styles.css,6,css,b3eabee,Neil Dandekar,2025-01-10,20:25:50,-08:00,2025-01-10T20:25:50-08:00,0,0
styles.css,7,css,a28746e8,Neil Dandekar,2025-01-18,23:42:40,-08:00,2025-01-18T23:42:40-08:00,0,0
styles.css,8,css,a28746e8,Neil Dandekar,2025-01-18,23:42:40,-08:00,2025-01-18T23:42:40-08:00,0,39
styles.css,9,css,a28746e8,Neil Dandekar,2025-01-18,23:42:40,-08:00,2025-01-18T23:42:40-08:00,0,5
styles.css,10,css,a28746e8,Neil Dandekar,2025-01-18,23:42:40,-08:00,2025-01-18T23:42:40-08:00,0,16
styles.css,11,css,a28746e8,Neil Dandekar,2025-01-18,23:42:40,-08:00,2025-01-18T23:42:40-08:00,0,12
styles.css,12,css,a28746e8,Neil Dandekar,2025-01-18,23:42:40,-08:00,2025-01-18T23:42:40-08:00,0,12
styles.css,13,css,a28746e8,Neil Dandekar,2025-01-18,23:42:40,-08:00,2025-01-18T23:42:40-08:00,0,22
styles.css,14,css,a28746e8,Neil Dandekar,2025-01-18,23:42:40,-08:00,2025-01-18T23:42:40-08:00,0,0
styles.css,15,css,a28746e8,Neil Dandekar,2025-01-18,23:42:40,-08:00,2025-01-18T23:42:40-08:00,0,0
styles.css,16,css,a28746e8,Neil Dandekar,2025-01-18,23:42:40,-08:00,2025-01-18T23:42:40-08:00,0,27
styles.css,17,css,a28746e8,Neil Dandekar,2025-01-18,23:42:40,-08:00,2025-01-18T23:42:40-08:00,0,4
styles.css,18,css,a28746e8,Neil Dandekar,2025-01-18,23:42:40,-08:00,2025-01-18T23:42:40-08:00,0,13
styles.css,19,css,a28746e8,Neil Dandekar,2025-01-18,23:42:40,-08:00,2025-01-18T23:42:40-08:00,0,29
styles.css,20,css,a28746e8,Neil Dandekar,2025-01-18,23:42:40,-08:00,2025-01-18T23:42:40-08:00,0,12
styles.css,21,css,a28746e8,Neil Dandekar,2025-01-18,23:42:40,-08:00,2025-01-18T23:42:40-08:00,0,29
styles.css,22,css,a28746e8,Neil Dandekar,2025-01-18,23:42:40,-08:00,2025-01-18T23:42:40-08:00,0,18
styles.css,23,css,a28746e8,Neil Dandekar,2025-01-18,23:42:40,-08:00,2025-01-18T23:42:40-08:00,0,0
styles.css,24,css,a28746e8,Neil Dandekar,2025-01-18,23:42:40,-08:00,2025-01-18T23:42:40-08:00,0,0
styles.css,25,css,a28746e8,Neil Dandekar,2025-01-18,23:42:40,-08:00,2025-01-18T23:42:40-08:00,0,6
styles.css,26,css,a28746e8,Neil Dandekar,2025-01-18,23:42:40,-08:00,2025-01-18T23:42:40-08:00,0,21
styles.css,27,css,a28746e8,Neil Dandekar,2025-01-18,23:42:40,-08:00,2025-01-18T23:42:40-08:00,0,18
styles.css,28,css,a28746e8,Neil Dandekar,2025-01-18,23:42:40,-08:00,2025-01-18T23:42:40-08:00,0,32
styles.css,29,css,a28746e8,Neil Dandekar,2025-01-18,23:42:40,-08:00,2025-01-18T23:42:40-08:00,0,0
styles.css,30,css,a28746e8,Neil Dandekar,2025-01-18,23:42:40,-08:00,2025-01-18T23:42:40-08:00,0,0
styles.css,31,css,a28746e8,Neil Dandekar,2025-01-18,23:42:40,-08:00,2025-01-18T23:42:40-08:00,0,12
styles.css,32,css,a28746e8,Neil Dandekar,2025-01-18,23:42:40,-08:00,2025-01-18T23:42:40-08:00,0,14
styles.css,33,css,a28746e8,Neil Dandekar,2025-01-18,23:42:40,-08:00,2025-01-18T23:42:40-08:00,0,32
styles.css,34,css,a28746e8,Neil Dandekar,2025-01-18,23:42:40,-08:00,2025-01-18T23:42:40-08:00,0,0
styles.css,35,css,a28746e8,Neil Dandekar,2025-01-18,23:42:40,-08:00,2025-01-18T23:42:40-08:00,0,0
styles.css,36,css,6a65b3c5,Neil Dandekar,2025-01-25,15:40:35,-08:00,2025-01-25T15:40:35-08:00,0,14
styles.css,37,css,6a65b3c5,Neil Dandekar,2025-01-25,15:40:35,-08:00,2025-01-25T15:40:35-08:00,0,19
styles.css,38,css,6a65b3c5,Neil Dandekar,2025-01-25,15:40:35,-08:00,2025-01-25T15:40:35-08:00,0,0
styles.css,39,css,6a65b3c5,Neil Dandekar,2025-01-25,15:40:35,-08:00,2025-01-25T15:40:35-08:00,0,0
styles.css,40,css,a28746e8,Neil Dandekar,2025-01-18,23:42:40,-08:00,2025-01-18T23:42:40-08:00,0,14
styles.css,41,css,a28746e8,Neil Dandekar,2025-01-18,23:42:40,-08:00,2025-01-18T23:42:40-08:00,0,17
styles.css,42,css,6a65b3c5,Neil Dandekar,2025-01-25,15:40:35,-08:00,2025-01-25T15:40:35-08:00,0,35
styles.css,43,css,6a65b3c5,Neil Dandekar,2025-01-25,15:40:35,-08:00,2025-01-25T15:40:35-08:00,0,14
styles.css,44,css,6a65b3c5,Neil Dandekar,2025-01-25,15:40:35,-08:00,2025-01-25T15:40:35-08:00,0,32
styles.css,45,css,6a65b3c5,Neil Dandekar,2025-01-25,15:40:35,-08:00,2025-01-25T15:40:35-08:00,0,0
styles.css,46,css,6a65b3c5,Neil Dandekar,2025-01-25,15:40:35,-08:00,2025-01-25T15:40:35-08:00,0,0
styles.css,47,css,6a65b3c5,Neil Dandekar,2025-01-25,15:40:35,-08:00,2025-01-25T15:40:35-08:00,0,6
styles.css,48,css,6a65b3c5,Neil Dandekar,2025-01-25,15:40:35,-08:00,2025-01-25T15:40:35-08:00,0,21
styles.css,49,css,6a65b3c5,Neil Dandekar,2025-01-25,15:40:35,-08:00,2025-01-25T15:40:35-08:00,0,18
styles.css,50,css,6a65b3c5,Neil Dandekar,2025-01-25,15:40:35,-08:00,2025-01-25T15:40:35-08:00,0,32
styles.css,51,css,6a65b3c5,Neil Dandekar,2025-01-25,15:40:35,-08:00,2025-01-25T15:40:35-08:00,0,54
styles.css,52,css,6a65b3c5,Neil Dandekar,2025-01-25,15:40:35,-08:00,2025-01-25T15:40:35-08:00,0,0
styles.css,53,css,6a65b3c5,Neil Dandekar,2025-01-25,15:40:35,-08:00,2025-01-25T15:40:35-08:00,0,0
styles.css,54,css,6a65b3c5,Neil Dandekar,2025-01-25,15:40:35,-08:00,2025-01-25T15:40:35-08:00,0,14
styles.css,55,css,6a65b3c5,Neil Dandekar,2025-01-25,15:40:35,-08:00,2025-01-25T15:40:35-08:00,0,68
styles.css,56,css,6a65b3c5,Neil Dandekar,2025-01-25,15:40:35,-08:00,2025-01-25T15:40:35-08:00,0,0
styles.css,57,css,6a65b3c5,Neil Dandekar,2025-01-25,15:40:35,-08:00,2025-01-25T15:40:35-08:00,0,0
styles.css,58,css,6a65b3c5,Neil Dandekar,2025-01-25,15:40:35,-08:00,2025-01-25T15:40:35-08:00,0,12
styles.css,59,css,6a65b3c5,Neil Dandekar,2025-01-25,15:40:35,-08:00,2025-01-25T15:40:35-08:00,0,47
styles.css,60,css,6a65b3c5,Neil Dandekar,2025-01-25,15:40:35,-08:00,2025-01-25T15:40:35-08:00,0,32
styles.css,61,css,6a65b3c5,Neil Dandekar,2025-01-25,15:40:35,-08:00,2025-01-25T15:40:35-08:00,0,0
styles.css,62,css,6a65b3c5,Neil Dandekar,2025-01-25,15:40:35,-08:00,2025-01-25T15:40:35-08:00,0,0
styles.css,63,css,6a65b3c5,Neil Dandekar,2025-01-25,15:40:35,-08:00,2025-01-25T15:40:35-08:00,0,14
styles.css,64,css,6a65b3c5,Neil Dandekar,2025-01-25,15:40:35,-08:00,2025-01-25T15:40:35-08:00,0,17
styles.css,65,css,6a65b3c5,Neil Dandekar,2025-01-25,15:40:35,-08:00,2025-01-25T15:40:35-08:00,0,60
styles.css,66,css,6a65b3c5,Neil Dandekar,2025-01-25,15:40:35,-08:00,2025-01-25T15:40:35-08:00,0,32
styles.css,67,css,a28746e8,Neil Dandekar,2025-01-18,23:42:40,-08:00,2025-01-18T23:42:40-08:00,0,0
index.js,1,js,b21d3143,Neil Dandekar,2025-02-01,23:09:41,-08:00,2025-02-01T23:09:41-08:00,0,55
index.js,2,js,7a605724,Neil Dandekar,2025-02-01,23:07:14,-08:00,2025-02-01T23:07:14-08:00,0,0
index.js,3,js,7a605724,Neil Dandekar,2025-02-01,23:07:14,-08:00,2025-02-01T23:07:14-08:00,0,58
index.js,4,js,7a605724,Neil Dandekar,2025-02-01,23:07:14,-08:00,2025-02-01T23:07:14-08:00,0,61
index.js,5,js,7a605724,Neil Dandekar,2025-02-01,23:07:14,-08:00,2025-02-01T23:07:14-08:00,0,23
index.js,6,js,7a605724,Neil Dandekar,2025-02-01,23:07:14,-08:00,2025-02-01T23:07:14-08:00,0,53
index.js,7,js,7a605724,Neil Dandekar,2025-02-01,23:07:14,-08:00,2025-02-01T23:07:14-08:00,0,71
index.js,8,js,7a605724,Neil Dandekar,2025-02-01,23:07:14,-08:00,2025-02-01T23:07:14-08:00,0,27
index.js,9,js,7a605724,Neil Dandekar,2025-02-01,23:07:14,-08:00,2025-02-01T23:07:14-08:00,0,55
index.js,10,js,7a605724,Neil Dandekar,2025-02-01,23:07:14,-08:00,2025-02-01T23:07:14-08:00,0,0
index.js,11,js,7a605724,Neil Dandekar,2025-02-01,23:07:14,-08:00,2025-02-01T23:07:14-08:00,0,2
index.html,1,html,b3eabee,Neil Dandekar,2025-01-10,20:25:50,-08:00,2025-01-10T20:25:50-08:00,0,14
index.html,2,html,b3eabee,Neil Dandekar,2025-01-10,20:25:50,-08:00,2025-01-10T20:25:50-08:00,0,15
index.html,3,html,b3eabee,Neil Dandekar,2025-01-10,20:25:50,-08:00,2025-01-10T20:25:50-08:00,0,5
index.html,4,html,b3eabee,Neil Dandekar,2025-01-10,20:25:50,-08:00,2025-01-10T20:25:50-08:00,0,23
index.html,5,html,b3eabee,Neil Dandekar,2025-01-10,20:25:50,-08:00,2025-01-10T20:25:50-08:00,0,71
index.html,6,html,2b2980da,Neil Dandekar,2025-01-24,16:59:25,-08:00,2025-01-24T16:59:25-08:00,0,27
index.html,7,html,a28746e8,Neil Dandekar,2025-01-18,23:42:40,-08:00,2025-01-18T23:42:40-08:00,0,0
index.html,8,html,2b2980da,Neil Dandekar,2025-01-24,16:59:25,-08:00,2025-01-24T16:59:25-08:00,0,32
index.html,9,html,2b2980da,Neil Dandekar,2025-01-24,16:59:25,-08:00,2025-01-24T16:59:25-08:00,0,7
index.html,10,html,15ee4953,Neil Dandekar,2025-01-24,17:16:08,-08:00,2025-01-24T17:16:08-08:00,0,51
index.html,11,html,2b2980da,Neil Dandekar,2025-01-24,16:59:25,-08:00,2025-01-24T16:59:25-08:00,0,44
index.html,12,html,2b2980da,Neil Dandekar,2025-01-24,16:59:25,-08:00,2025-01-24T16:59:25-08:00,0,3
index.html,13,html,2b2980da,Neil Dandekar,2025-01-24,16:59:25,-08:00,2025-01-24T16:59:25-08:00,0,42
index.html,14,html,2b2980da,Neil Dandekar,2025-01-24,16:59:25,-08:00,2025-01-24T16:59:25-08:00,0,39
index.html,15,html,2b2980da,Neil Dandekar,2025-01-24,16:59:25,-08:00,2025-01-24T16:59:25-08:00,0,2
index.html,16,html,2b2980da,Neil Dandekar,2025-01-24,16:59:25,-08:00,2025-01-24T16:59:25-08:00,0,60
index.html,17,html,2b2980da,Neil Dandekar,2025-01-24,16:59:25,-08:00,2025-01-24T16:59:25-08:00,0,7
index.html,18,html,e7a9e46a,Neil Dandekar,2025-01-24,17:10:05,-08:00,2025-01-24T17:10:05-08:00,0,69
index.html,19,html,2b2980da,Neil Dandekar,2025-01-24,16:59:25,-08:00,2025-01-24T16:59:25-08:00,0,0
index.html,20,html,15ee4953,Neil Dandekar,2025-01-24,17:16:08,-08:00,2025-01-24T17:16:08-08:00,0,0
index.html,21,html,15ee4953,Neil Dandekar,2025-01-24,17:16:08,-08:00,2025-01-24T17:16:08-08:00,0,50
index.html,22,html,15ee4953,Neil Dandekar,2025-01-24,17:16:08,-08:00,2025-01-24T17:16:08-08:00,0,42
index.html,23,html,2b2980da,Neil Dandekar,2025-01-24,16:59:25,-08:00,2025-01-24T16:59:25-08:00,0,8
index.html,24,html,edb9c61f,Neil Dandekar,2025-01-18,23:46:11,-08:00,2025-01-18T23:46:11-08:00,0,0
index.html,25,html,a28746e8,Neil Dandekar,2025-01-18,23:42:40,-08:00,2025-01-18T23:42:40-08:00,0,42
index.html,26,html,7a605724,Neil Dandekar,2025-02-01,23:07:14,-08:00,2025-02-01T23:07:14-08:00,0,51
index.html,27,html,b3eabee,Neil Dandekar,2025-01-10,20:25:50,-08:00,2025-01-10T20:25:50-08:00,0,6
index.html,28,html,b3eabee,Neil Dandekar,2025-01-10,20:25:50,-08:00,2025-01-10T20:25:50-08:00,0,5
index.html,29,html,b3eabee,Neil Dandekar,2025-01-10,20:25:50,-08:00,2025-01-10T20:25:50-08:00,0,21
index.html,30,html,b3eabee,Neil Dandekar,2025-01-10,20:25:50,-08:00,2025-01-10T20:25:50-08:00,0,0
index.html,31,html,b3eabee,Neil Dandekar,2025-01-10,20:25:50,-08:00,2025-01-10T20:25:50-08:00,0,12
index.html,32,html,b3eabee,Neil Dandekar,2025-01-10,20:25:50,-08:00,2025-01-10T20:25:50-08:00,0,0
index.html,33,html,b3eabee,Neil Dandekar,2025-01-10,20:25:50,-08:00,2025-01-10T20:25:50-08:00,0,32
index.html,34,html,b3eabee,Neil Dandekar,2025-01-10,20:25:50,-08:00,2025-01-10T20:25:50-08:00,0,3
index.html,35,html,b3eabee,Neil Dandekar,2025-01-10,20:25:50,-08:00,2025-01-10T20:25:50-08:00,0,69
index.html,36,html,b3eabee,Neil Dandekar,2025-01-10,20:25:50,-08:00,2025-01-10T20:25:50-08:00,0,28
index.html,37,html,b3eabee,Neil Dandekar,2025-01-10,20:25:50,-08:00,2025-01-10T20:25:50-08:00,0,10
index.html,38,html,b3eabee,Neil Dandekar,2025-01-10,20:25:50,-08:00,2025-01-10T20:25:50-08:00,0,1
index.html,39,html,31772afa,Neil Dandekar,2025-01-25,15:42:41,-08:00,2025-01-25T15:42:41-08:00,0,46
index.html,40,html,7a605724,Neil Dandekar,2025-02-01,23:07:14,-08:00,2025-02-01T23:07:14-08:00,0,0
index.html,41,html,fbb3fa71,Neil Dandekar,2025-02-01,23:12:25,-08:00,2025-02-01T23:12:25-08:00,0,20
index.html,42,html,fbb3fa71,Neil Dandekar,2025-02-01,23:12:25,-08:00,2025-02-01T23:12:25-08:00,0,29
index.html,43,html,fbb3fa71,Neil Dandekar,2025-02-01,23:12:25,-08:00,2025-02-01T23:12:25-08:00,0,0
index.html,44,html,7a605724,Neil Dandekar,2025-02-01,23:07:14,-08:00,2025-02-01T23:07:14-08:00,0,23
index.html,45,html,7a605724,Neil Dandekar,2025-02-01,23:07:14,-08:00,2025-02-01T23:07:14-08:00,0,27
index.html,46,html,7a605724,Neil Dandekar,2025-02-01,23:07:14,-08:00,2025-02-01T23:07:14-08:00,0,0
index.html,47,html,7a605724,Neil Dandekar,2025-02-01,23:07:14,-08:00,2025-02-01T23:07:14-08:00,0,45
index.html,48,html,b3eabee,Neil Dandekar,2025-01-10,20:25:50,-08:00,2025-01-10T20:25:50-08:00,0,6
index.html,49,html,b3eabee,Neil Dandekar,2025-01-10,20:25:50,-08:00,2025-01-10T20:25:50-08:00,0,6
global.js,1,js,6a65b3c5,Neil Dandekar,2025-01-25,15:40:35,-08:00,2025-01-25T15:40:35-08:00,0,26
global.js,2,js,6a65b3c5,Neil Dandekar,2025-01-25,15:40:35,-08:00,2025-01-25T15:40:35-08:00,0,0
global.js,3,js,6a65b3c5,Neil Dandekar,2025-01-25,15:40:35,-08:00,2025-01-25T15:40:35-08:00,0,42
global.js,4,js,6a65b3c5,Neil Dandekar,2025-01-25,15:40:35,-08:00,2025-01-25T15:40:35-08:00,0,53
global.js,5,js,6a65b3c5,Neil Dandekar,2025-01-25,15:40:35,-08:00,2025-01-25T15:40:35-08:00,0,0
global.js,6,js,6a65b3c5,Neil Dandekar,2025-01-25,15:40:35,-08:00,2025-01-25T15:40:35-08:00,0,0
global.js,7,js,9ed7b751,Neil Dandekar,2025-01-25,15:48:58,-08:00,2025-01-25T15:48:58-08:00,0,26
global.js,8,js,a6600717,Neil Dandekar,2025-01-25,15:54:46,-08:00,2025-01-25T15:54:46-08:00,0,0
global.js,9,js,9ed7b751,Neil Dandekar,2025-01-25,15:48:58,-08:00,2025-01-25T15:48:58-08:00,0,44
global.js,10,js,a6600717,Neil Dandekar,2025-01-25,15:54:46,-08:00,2025-01-25T15:54:46-08:00,0,12
global.js,11,js,9ed7b751,Neil Dandekar,2025-01-25,15:48:58,-08:00,2025-01-25T15:48:58-08:00,0,42
global.js,12,js,a6600717,Neil Dandekar,2025-01-25,15:54:46,-08:00,2025-01-25T15:54:46-08:00,0,40
global.js,13,js,a6600717,Neil Dandekar,2025-01-25,15:54:46,-08:00,2025-01-25T15:54:46-08:00,0,0
global.js,14,js,a6600717,Neil Dandekar,2025-01-25,15:54:46,-08:00,2025-01-25T15:54:46-08:00,0,43
global.js,15,js,9ed7b751,Neil Dandekar,2025-01-25,15:48:58,-08:00,2025-01-25T15:48:58-08:00,0,0
global.js,16,js,9ed7b751,Neil Dandekar,2025-01-25,15:48:58,-08:00,2025-01-25T15:48:58-08:00,0,50
global.js,17,js,9ed7b751,Neil Dandekar,2025-01-25,15:48:58,-08:00,2025-01-25T15:48:58-08:00,0,42
global.js,18,js,9ed7b751,Neil Dandekar,2025-01-25,15:48:58,-08:00,2025-01-25T15:48:58-08:00,0,0
global.js,19,js,6a65b3c5,Neil Dandekar,2025-01-25,15:40:35,-08:00,2025-01-25T15:40:35-08:00,0,28
global.js,20,js,6a65b3c5,Neil Dandekar,2025-01-25,15:40:35,-08:00,2025-01-25T15:40:35-08:00,0,12
global.js,21,js,6a65b3c5,Neil Dandekar,2025-01-25,15:40:35,-08:00,2025-01-25T15:40:35-08:00,0,26
global.js,22,js,6a65b3c5,Neil Dandekar,2025-01-25,15:40:35,-08:00,2025-01-25T15:40:35-08:00,0,39
global.js,23,js,6a65b3c5,Neil Dandekar,2025-01-25,15:40:35,-08:00,2025-01-25T15:40:35-08:00,0,35
global.js,24,js,bbab1623,Neil Dandekar,2025-02-14,04:18:28,-08:00,2025-02-14T04:18:28-08:00,0,60
global.js,25,js,bbab1623,Neil Dandekar,2025-02-14,04:18:28,-08:00,2025-02-14T04:18:28-08:00,0,31
global.js,26,js,6a65b3c5,Neil Dandekar,2025-01-25,15:40:35,-08:00,2025-01-25T15:40:35-08:00,0,37
global.js,27,js,6a65b3c5,Neil Dandekar,2025-01-25,15:40:35,-08:00,2025-01-25T15:40:35-08:00,0,1
global.js,28,js,6a65b3c5,Neil Dandekar,2025-01-25,15:40:35,-08:00,2025-01-25T15:40:35-08:00,0,0
global.js,29,js,6a65b3c5,Neil Dandekar,2025-01-25,15:40:35,-08:00,2025-01-25T15:40:35-08:00,0,41
global.js,30,js,6a65b3c5,Neil Dandekar,2025-01-25,15:40:35,-08:00,2025-01-25T15:40:35-08:00,0,0
global.js,31,js,6a65b3c5,Neil Dandekar,2025-01-25,15:40:35,-08:00,2025-01-25T15:40:35-08:00,0,71
global.js,32,js,6a65b3c5,Neil Dandekar,2025-01-25,15:40:35,-08:00,2025-01-25T15:40:35-08:00,0,0
global.js,33,js,6a65b3c5,Neil Dandekar,2025-01-25,15:40:35,-08:00,2025-01-25T15:40:35-08:00,0,21
global.js,34,js,a6600717,Neil Dandekar,2025-01-25,15:54:46,-08:00,2025-01-25T15:54:46-08:00,0,70
global.js,35,js,5619fbcf,Neil Dandekar,2025-01-25,15:57:47,-08:00,2025-01-25T15:57:47-08:00,0,34
global.js,36,js,5619fbcf,Neil Dandekar,2025-01-25,15:57:47,-08:00,2025-01-25T15:57:47-08:00,0,43
global.js,37,js,6a65b3c5,Neil Dandekar,2025-01-25,15:40:35,-08:00,2025-01-25T15:40:35-08:00,0,35
global.js,38,js,6a65b3c5,Neil Dandekar,2025-01-25,15:40:35,-08:00,2025-01-25T15:40:35-08:00,0,12
global.js,39,js,6a65b3c5,Neil Dandekar,2025-01-25,15:40:35,-08:00,2025-01-25T15:40:35-08:00,0,23
global.js,40,js,6a65b3c5,Neil Dandekar,2025-01-25,15:40:35,-08:00,2025-01-25T15:40:35-08:00,0,66
global.js,41,js,6a65b3c5,Neil Dandekar,2025-01-25,15:40:35,-08:00,2025-01-25T15:40:35-08:00,0,26
global.js,42,js,6a65b3c5,Neil Dandekar,2025-01-25,15:40:35,-08:00,2025-01-25T15:40:35-08:00,0,0
global.js,43,js,6a65b3c5,Neil Dandekar,2025-01-25,15:40:35,-08:00,2025-01-25T15:40:35-08:00,0,41
global.js,44,js,6a65b3c5,Neil Dandekar,2025-01-25,15:40:35,-08:00,2025-01-25T15:40:35-08:00,0,30
global.js,45,js,6a65b3c5,Neil Dandekar,2025-01-25,15:40:35,-08:00,2025-01-25T15:40:35-08:00,0,19
global.js,46,js,6a65b3c5,Neil Dandekar,2025-01-25,15:40:35,-08:00,2025-01-25T15:40:35-08:00,0,29
global.js,47,js,6a65b3c5,Neil Dandekar,2025-01-25,15:40:35,-08:00,2025-01-25T15:40:35-08:00,0,0
global.js,48,js,6a65b3c5,Neil Dandekar,2025-01-25,15:40:35,-08:00,2025-01-25T15:40:35-08:00,0,13
global.js,49,js,6a65b3c5,Neil Dandekar,2025-01-25,15:40:35,-08:00,2025-01-25T15:40:35-08:00,0,0
global.js,50,js,6a65b3c5,Neil Dandekar,2025-01-25,15:40:35,-08:00,2025-01-25T15:40:35-08:00,0,0
global.js,51,js,6a65b3c5,Neil Dandekar,2025-01-25,15:40:35,-08:00,2025-01-25T15:40:35-08:00,0,39
global.js,52,js,6a65b3c5,Neil Dandekar,2025-01-25,15:40:35,-08:00,2025-01-25T15:40:35-08:00,0,44
global.js,53,js,6a65b3c5,Neil Dandekar,2025-01-25,15:40:35,-08:00,2025-01-25T15:40:35-08:00,0,13
global.js,54,js,6a65b3c5,Neil Dandekar,2025-01-25,15:40:35,-08:00,2025-01-25T15:40:35-08:00,0,46
global.js,55,js,6a65b3c5,Neil Dandekar,2025-01-25,15:40:35,-08:00,2025-01-25T15:40:35-08:00,0,0
global.js,56,js,6a65b3c5,Neil Dandekar,2025-01-25,15:40:35,-08:00,2025-01-25T15:40:35-08:00,0,0
global.js,57,js,6a65b3c5,Neil Dandekar,2025-01-25,15:40:35,-08:00,2025-01-25T15:40:35-08:00,0,18
global.js,58,js,6a65b3c5,Neil Dandekar,2025-01-25,15:40:35,-08:00,2025-01-25T15:40:35-08:00,0,32
global.js,59,js,6a65b3c5,Neil Dandekar,2025-01-25,15:40:35,-08:00,2025-01-25T15:40:35-08:00,0,12
global.js,60,js,6a65b3c5,Neil Dandekar,2025-01-25,15:40:35,-08:00,2025-01-25T15:40:35-08:00,0,28
global.js,61,js,6a65b3c5,Neil Dandekar,2025-01-25,15:40:35,-08:00,2025-01-25T15:40:35-08:00,0,5
global.js,62,js,6a65b3c5,Neil Dandekar,2025-01-25,15:40:35,-08:00,2025-01-25T15:40:35-08:00,0,7
global.js,63,js,6a65b3c5,Neil Dandekar,2025-01-25,15:40:35,-08:00,2025-01-25T15:40:35-08:00,0,44
global.js,64,js,6a65b3c5,Neil Dandekar,2025-01-25,15:40:35,-08:00,2025-01-25T15:40:35-08:00,0,35
global.js,65,js,6a65b3c5,Neil Dandekar,2025-01-25,15:40:35,-08:00,2025-01-25T15:40:35-08:00,0,33
global.js,66,js,6a65b3c5,Neil Dandekar,2025-01-25,15:40:35,-08:00,2025-01-25T15:40:35-08:00,0,8
global.js,67,js,6a65b3c5,Neil Dandekar,2025-01-25,15:40:35,-08:00,2025-01-25T15:40:35-08:00,0,8
global.js,68,js,6a65b3c5,Neil Dandekar,2025-01-25,15:40:35,-08:00,2025-01-25T15:40:35-08:00,0,1
global.js,69,js,6a65b3c5,Neil Dandekar,2025-01-25,15:40:35,-08:00,2025-01-25T15:40:35-08:00,0,0
global.js,70,js,6a65b3c5,Neil Dandekar,2025-01-25,15:40:35,-08:00,2025-01-25T15:40:35-08:00,0,61
global.js,71,js,6a65b3c5,Neil Dandekar,2025-01-25,15:40:35,-08:00,2025-01-25T15:40:35-08:00,0,44
global.js,72,js,6a65b3c5,Neil Dandekar,2025-01-25,15:40:35,-08:00,2025-01-25T15:40:35-08:00,0,42
global.js,73,js,6a65b3c5,Neil Dandekar,2025-01-25,15:40:35,-08:00,2025-01-25T15:40:35-08:00,0,14
global.js,74,js,6a65b3c5,Neil Dandekar,2025-01-25,15:40:35,-08:00,2025-01-25T15:40:35-08:00,0,17
global.js,75,js,6a65b3c5,Neil Dandekar,2025-01-25,15:40:35,-08:00,2025-01-25T15:40:35-08:00,0,1
global.js,76,js,6a65b3c5,Neil Dandekar,2025-01-25,15:40:35,-08:00,2025-01-25T15:40:35-08:00,0,45
global.js,77,js,6a65b3c5,Neil Dandekar,2025-01-25,15:40:35,-08:00,2025-01-25T15:40:35-08:00,0,2
global.js,78,js,6a65b3c5,Neil Dandekar,2025-01-25,15:40:35,-08:00,2025-01-25T15:40:35-08:00,0,0
global.js,79,js,6a65b3c5,Neil Dandekar,2025-01-25,15:40:35,-08:00,2025-01-25T15:40:35-08:00,0,35
global.js,80,js,6a65b3c5,Neil Dandekar,2025-01-25,15:40:35,-08:00,2025-01-25T15:40:35-08:00,0,42
global.js,81,js,6a65b3c5,Neil Dandekar,2025-01-25,15:40:35,-08:00,2025-01-25T15:40:35-08:00,0,14
global.js,82,js,6a65b3c5,Neil Dandekar,2025-01-25,15:40:35,-08:00,2025-01-25T15:40:35-08:00,0,23
global.js,83,js,6a65b3c5,Neil Dandekar,2025-01-25,15:40:35,-08:00,2025-01-25T15:40:35-08:00,0,1
global.js,84,js,6a65b3c5,Neil Dandekar,2025-01-25,15:40:35,-08:00,2025-01-25T15:40:35-08:00,0,39
global.js,85,js,6a65b3c5,Neil Dandekar,2025-01-25,15:40:35,-08:00,2025-01-25T15:40:35-08:00,0,0
global.js,86,js,6a65b3c5,Neil Dandekar,2025-01-25,15:40:35,-08:00,2025-01-25T15:40:35-08:00,0,0
global.js,87,js,6a65b3c5,Neil Dandekar,2025-01-25,15:40:35,-08:00,2025-01-25T15:40:35-08:00,0,61
global.js,88,js,6a65b3c5,Neil Dandekar,2025-01-25,15:40:35,-08:00,2025-01-25T15:40:35-08:00,0,64
global.js,89,js,6a65b3c5,Neil Dandekar,2025-01-25,15:40:35,-08:00,2025-01-25T15:40:35-08:00,0,22
global.js,90,js,6a65b3c5,Neil Dandekar,2025-01-25,15:40:35,-08:00,2025-01-25T15:40:35-08:00,0,44
global.js,91,js,6a65b3c5,Neil Dandekar,2025-01-25,15:40:35,-08:00,2025-01-25T15:40:35-08:00,0,35
global.js,92,js,6a65b3c5,Neil Dandekar,2025-01-25,15:40:35,-08:00,2025-01-25T15:40:35-08:00,0,37
global.js,93,js,6a65b3c5,Neil Dandekar,2025-01-25,15:40:35,-08:00,2025-01-25T15:40:35-08:00,0,39
global.js,94,js,6a65b3c5,Neil Dandekar,2025-01-25,15:40:35,-08:00,2025-01-25T15:40:35-08:00,0,83
global.js,95,js,6a65b3c5,Neil Dandekar,2025-01-25,15:40:35,-08:00,2025-01-25T15:40:35-08:00,0,0
global.js,96,js,7a605724,Neil Dandekar,2025-02-01,23:07:14,-08:00,2025-02-01T23:07:14-08:00,0,0
global.js,97,js,7a605724,Neil Dandekar,2025-02-01,23:07:14,-08:00,2025-02-01T23:07:14-08:00,0,37
global.js,98,js,7a605724,Neil Dandekar,2025-02-01,23:07:14,-08:00,2025-02-01T23:07:14-08:00,0,4
global.js,99,js,7a605724,Neil Dandekar,2025-02-01,23:07:14,-08:00,2025-02-01T23:07:14-08:00,0,33
global.js,100,js,7a605724,Neil Dandekar,2025-02-01,23:07:14,-08:00,2025-02-01T23:07:14-08:00,0,18
global.js,101,js,7a605724,Neil Dandekar,2025-02-01,23:07:14,-08:00,2025-02-01T23:07:14-08:00,0,63
global.js,102,js,7a605724,Neil Dandekar,2025-02-01,23:07:14,-08:00,2025-02-01T23:07:14-08:00,0,0
global.js,103,js,7a605724,Neil Dandekar,2025-02-01,23:07:14,-08:00,2025-02-01T23:07:14-08:00,0,28
global.js,104,js,7a605724,Neil Dandekar,2025-02-01,23:07:14,-08:00,2025-02-01T23:07:14-08:00,0,16
global.js,105,js,7a605724,Neil Dandekar,2025-02-01,23:07:14,-08:00,2025-02-01T23:07:14-08:00,0,49
global.js,106,js,7a605724,Neil Dandekar,2025-02-01,23:07:14,-08:00,2025-02-01T23:07:14-08:00,0,9
global.js,107,js,7a605724,Neil Dandekar,2025-02-01,23:07:14,-08:00,2025-02-01T23:07:14-08:00,0,0
global.js,108,js,7a605724,Neil Dandekar,2025-02-01,23:07:14,-08:00,2025-02-01T23:07:14-08:00,0,0
global.js,109,js,7a605724,Neil Dandekar,2025-02-01,23:07:14,-08:00,2025-02-01T23:07:14-08:00,0,0
global.js,110,js,7a605724,Neil Dandekar,2025-02-01,23:07:14,-08:00,2025-02-01T23:07:14-08:00,0,30
global.js,111,js,7a605724,Neil Dandekar,2025-02-01,23:07:14,-08:00,2025-02-01T23:07:14-08:00,0,8
global.js,112,js,7a605724,Neil Dandekar,2025-02-01,23:07:14,-08:00,2025-02-01T23:07:14-08:00,0,16
global.js,113,js,7a605724,Neil Dandekar,2025-02-01,23:07:14,-08:00,2025-02-01T23:07:14-08:00,0,18
global.js,114,js,7a605724,Neil Dandekar,2025-02-01,23:07:14,-08:00,2025-02-01T23:07:14-08:00,0,2
global.js,115,js,7a605724,Neil Dandekar,2025-02-01,23:07:14,-08:00,2025-02-01T23:07:14-08:00,0,23
global.js,116,js,7a605724,Neil Dandekar,2025-02-01,23:07:14,-08:00,2025-02-01T23:07:14-08:00,0,51
global.js,117,js,7a605724,Neil Dandekar,2025-02-01,23:07:14,-08:00,2025-02-01T23:07:14-08:00,0,6
global.js,118,js,7a605724,Neil Dandekar,2025-02-01,23:07:14,-08:00,2025-02-01T23:07:14-08:00,0,0
global.js,119,js,7a605724,Neil Dandekar,2025-02-01,23:07:14,-08:00,2025-02-01T23:07:14-08:00,0,0
global.js,120,js,7a605724,Neil Dandekar,2025-02-01,23:07:14,-08:00,2025-02-01T23:07:14-08:00,0,57
global.js,121,js,7a605724,Neil Dandekar,2025-02-01,23:07:14,-08:00,2025-02-01T23:07:14-08:00,0,0
global.js,122,js,7a605724,Neil Dandekar,2025-02-01,23:07:14,-08:00,2025-02-01T23:07:14-08:00,0,30
global.js,123,js,7a605724,Neil Dandekar,2025-02-01,23:07:14,-08:00,2025-02-01T23:07:14-08:00,0,49
global.js,124,js,7a605724,Neil Dandekar,2025-02-01,23:07:14,-08:00,2025-02-01T23:07:14-08:00,0,20
global.js,125,js,7a605724,Neil Dandekar,2025-02-01,23:07:14,-08:00,2025-02-01T23:07:14-08:00,0,50
global.js,126,js,7a605724,Neil Dandekar,2025-02-01,23:07:14,-08:00,2025-02-01T23:07:14-08:00,0,50
global.js,127,js,51351a17,Neil Dandekar,2025-02-07,20:44:58,-08:00,2025-02-07T20:44:58-08:00,0,28
global.js,128,js,51351a17,Neil Dandekar,2025-02-07,20:44:58,-08:00,2025-02-07T20:44:58-08:00,0,28
global.js,129,js,51351a17,Neil Dandekar,2025-02-07,20:44:58,-08:00,2025-02-07T20:44:58-08:00,0,48
global.js,130,js,51351a17,Neil Dandekar,2025-02-07,20:44:58,-08:00,2025-02-07T20:44:58-08:00,0,5
global.js,131,js,7a605724,Neil Dandekar,2025-02-01,23:07:14,-08:00,2025-02-01T23:07:14-08:00,0,1
global.js,132,js,7a605724,Neil Dandekar,2025-02-01,23:07:14,-08:00,2025-02-01T23:07:14-08:00,0,37
global.js,133,js,7a605724,Neil Dandekar,2025-02-01,23:07:14,-08:00,2025-02-01T23:07:14-08:00,0,2
global.js,134,js,7a605724,Neil Dandekar,2025-02-01,23:07:14,-08:00,2025-02-01T23:07:14-08:00,0,0
global.js,135,js,7a605724,Neil Dandekar,2025-02-01,23:07:14,-08:00,2025-02-01T23:07:14-08:00,0,0
global.js,136,js,7a605724,Neil Dandekar,2025-02-01,23:07:14,-08:00,2025-02-01T23:07:14-08:00,0,48
global.js,137,js,7a605724,Neil Dandekar,2025-02-01,23:07:14,-08:00,2025-02-01T23:07:14-08:00,0,4
global.js,138,js,7a605724,Neil Dandekar,2025-02-01,23:07:14,-08:00,2025-02-01T23:07:14-08:00,0,28
global.js,139,js,7a605724,Neil Dandekar,2025-02-01,23:07:14,-08:00,2025-02-01T23:07:14-08:00,0,41
global.js,140,js,7a605724,Neil Dandekar,2025-02-01,23:07:14,-08:00,2025-02-01T23:07:14-08:00,0,1
global.js,141,js,7a605724,Neil Dandekar,2025-02-01,23:07:14,-08:00,2025-02-01T23:07:14-08:00,0,18
global.js,142,js,7a605724,Neil Dandekar,2025-02-01,23:07:14,-08:00,2025-02-01T23:07:14-08:00,0,15
global.js,143,js,7a605724,Neil Dandekar,2025-02-01,23:07:14,-08:00,2025-02-01T23:07:14-08:00,0,52
global.js,144,js,7a605724,Neil Dandekar,2025-02-01,23:07:14,-08:00,2025-02-01T23:07:14-08:00,0,1
global.js,145,js,7a605724,Neil Dandekar,2025-02-01,23:07:14,-08:00,2025-02-01T23:07:14-08:00,0,0
global.js,146,js,7a605724,Neil Dandekar,2025-02-01,23:07:14,-08:00,2025-02-01T23:07:14-08:00,0,28
global.js,147,js,7a605724,Neil Dandekar,2025-02-01,23:07:14,-08:00,2025-02-01T23:07:14-08:00,0,16
global.js,148,js,7a605724,Neil Dandekar,2025-02-01,23:07:14,-08:00,2025-02-01T23:07:14-08:00,0,51
global.js,149,js,7a605724,Neil Dandekar,2025-02-01,23:07:14,-08:00,2025-02-01T23:07:14-08:00,0,11
global.js,150,js,7a605724,Neil Dandekar,2025-02-01,23:07:14,-08:00,2025-02-01T23:07:14-08:00,0,0
global.js,151,js,7a605724,Neil Dandekar,2025-02-01,23:07:14,-08:00,2025-02-01T23:07:14-08:00,0,0
global.js,152,js,7a605724,Neil Dandekar,2025-02-01,23:07:14,-08:00,2025-02-01T23:07:14-08:00,0,0
global.js,153,js,7a605724,Neil Dandekar,2025-02-01,23:07:14,-08:00,2025-02-01T23:07:14-08:00,0,58
global.js,154,js,7a605724,Neil Dandekar,2025-02-01,23:07:14,-08:00,2025-02-01T23:07:14-08:00,0,61
global.js,155,js,7a605724,Neil Dandekar,2025-02-01,23:07:14,-08:00,2025-02-01T23:07:14-08:00,0,18
global.js,156,js,7a605724,Neil Dandekar,2025-02-01,23:07:14,-08:00,2025-02-01T23:07:14-08:00,0,89
global.js,157,js,7a605724,Neil Dandekar,2025-02-01,23:07:14,-08:00,2025-02-01T23:07:14-08:00,0,16
global.js,158,js,7a605724,Neil Dandekar,2025-02-01,23:07:14,-08:00,2025-02-01T23:07:14-08:00,0,25
global.js,159,js,7a605724,Neil Dandekar,2025-02-01,23:07:14,-08:00,2025-02-01T23:07:14-08:00,0,28
global.js,160,js,7a605724,Neil Dandekar,2025-02-01,23:07:14,-08:00,2025-02-01T23:07:14-08:00,0,3
global.js,161,js,7a605724,Neil Dandekar,2025-02-01,23:07:14,-08:00,2025-02-01T23:07:14-08:00,0,48
global.js,162,js,7a605724,Neil Dandekar,2025-02-01,23:07:14,-08:00,2025-02-01T23:07:14-08:00,0,48
global.js,163,js,7a605724,Neil Dandekar,2025-02-01,23:07:14,-08:00,2025-02-01T23:07:14-08:00,0,42
global.js,164,js,7a605724,Neil Dandekar,2025-02-01,23:07:14,-08:00,2025-02-01T23:07:14-08:00,0,42
global.js,165,js,7a605724,Neil Dandekar,2025-02-01,23:07:14,-08:00,2025-02-01T23:07:14-08:00,0,4
global.js,166,js,7a605724,Neil Dandekar,2025-02-01,23:07:14,-08:00,2025-02-01T23:07:14-08:00,0,1
global.js,167,js,7a605724,Neil Dandekar,2025-02-01,23:07:14,-08:00,2025-02-01T23:07:14-08:00,0,0
global.js,168,js,7a605724,Neil Dandekar,2025-02-01,23:07:14,-08:00,2025-02-01T23:07:14-08:00,0,0
global.js,169,js,7a605724,Neil Dandekar,2025-02-01,23:07:14,-08:00,2025-02-01T23:07:14-08:00,0,2
resume/styles.css,1,css,b96f8a55,Neil Dandekar,2025-01-18,23:57:18,-08:00,2025-01-18T23:57:18-08:00,0,16
resume/styles.css,2,css,b96f8a55,Neil Dandekar,2025-01-18,23:57:18,-08:00,2025-01-18T23:57:18-08:00,0,18
resume/styles.css,3,css,b96f8a55,Neil Dandekar,2025-01-18,23:57:18,-08:00,2025-01-18T23:57:18-08:00,0,0
resume/styles.css,4,css,b96f8a55,Neil Dandekar,2025-01-18,23:57:18,-08:00,2025-01-18T23:57:18-08:00,0,0
resume/styles.css,5,css,b96f8a55,Neil Dandekar,2025-01-18,23:57:18,-08:00,2025-01-18T23:57:18-08:00,0,19
resume/styles.css,6,css,b96f8a55,Neil Dandekar,2025-01-18,23:57:18,-08:00,2025-01-18T23:57:18-08:00,0,16
resume/styles.css,7,css,b96f8a55,Neil Dandekar,2025-01-18,23:57:18,-08:00,2025-01-18T23:57:18-08:00,0,20
resume/styles.css,8,css,b96f8a55,Neil Dandekar,2025-01-18,23:57:18,-08:00,2025-01-18T23:57:18-08:00,0,32
resume/styles.css,9,css,b96f8a55,Neil Dandekar,2025-01-18,23:57:18,-08:00,2025-01-18T23:57:18-08:00,0,21
resume/styles.css,10,css,b96f8a55,Neil Dandekar,2025-01-18,23:57:18,-08:00,2025-01-18T23:57:18-08:00,0,0
resume/styles.css,11,css,b96f8a55,Neil Dandekar,2025-01-18,23:57:18,-08:00,2025-01-18T23:57:18-08:00,0,0
resume/styles.css,12,css,b96f8a55,Neil Dandekar,2025-01-18,23:57:18,-08:00,2025-01-18T23:57:18-08:00,0,17
resume/styles.css,13,css,b96f8a55,Neil Dandekar,2025-01-18,23:57:18,-08:00,2025-01-18T23:57:18-08:00,0,19
resume/styles.css,14,css,b96f8a55,Neil Dandekar,2025-01-18,23:57:18,-08:00,2025-01-18T23:57:18-08:00,0,15
resume/styles.css,15,css,b96f8a55,Neil Dandekar,2025-01-18,23:57:18,-08:00,2025-01-18T23:57:18-08:00,0,0
resume/styles.css,16,css,b96f8a55,Neil Dandekar,2025-01-18,23:57:18,-08:00,2025-01-18T23:57:18-08:00,0,0
resume/styles.css,17,css,b96f8a55,Neil Dandekar,2025-01-18,23:57:18,-08:00,2025-01-18T23:57:18-08:00,0,19
resume/styles.css,18,css,b96f8a55,Neil Dandekar,2025-01-18,23:57:18,-08:00,2025-01-18T23:57:18-08:00,0,21
resume/styles.css,19,css,b96f8a55,Neil Dandekar,2025-01-18,23:57:18,-08:00,2025-01-18T23:57:18-08:00,0,19
resume/styles.css,20,css,b96f8a55,Neil Dandekar,2025-01-18,23:57:18,-08:00,2025-01-18T23:57:18-08:00,0,0
resume/index.html,1,html,b3eabee,Neil Dandekar,2025-01-10,20:25:50,-08:00,2025-01-10T20:25:50-08:00,0,14
resume/index.html,2,html,b3eabee,Neil Dandekar,2025-01-10,20:25:50,-08:00,2025-01-10T20:25:50-08:00,0,15
resume/index.html,3,html,b3eabee,Neil Dandekar,2025-01-10,20:25:50,-08:00,2025-01-10T20:25:50-08:00,0,5
resume/index.html,4,html,b3eabee,Neil Dandekar,2025-01-10,20:25:50,-08:00,2025-01-10T20:25:50-08:00,0,23
resume/index.html,5,html,b3eabee,Neil Dandekar,2025-01-10,20:25:50,-08:00,2025-01-10T20:25:50-08:00,0,71
resume/index.html,6,html,b3eabee,Neil Dandekar,2025-01-10,20:25:50,-08:00,2025-01-10T20:25:50-08:00,0,20
resume/index.html,7,html,edb9c61f,Neil Dandekar,2025-01-18,23:46:11,-08:00,2025-01-18T23:46:11-08:00,0,0
resume/index.html,8,html,2b2980da,Neil Dandekar,2025-01-24,16:59:25,-08:00,2025-01-24T16:59:25-08:00,0,32
resume/index.html,9,html,2b2980da,Neil Dandekar,2025-01-24,16:59:25,-08:00,2025-01-24T16:59:25-08:00,0,7
resume/index.html,10,html,2b2980da,Neil Dandekar,2025-01-24,16:59:25,-08:00,2025-01-24T16:59:25-08:00,0,51
resume/index.html,11,html,2b2980da,Neil Dandekar,2025-01-24,16:59:25,-08:00,2025-01-24T16:59:25-08:00,0,44
resume/index.html,12,html,2b2980da,Neil Dandekar,2025-01-24,16:59:25,-08:00,2025-01-24T16:59:25-08:00,0,3
resume/index.html,13,html,2b2980da,Neil Dandekar,2025-01-24,16:59:25,-08:00,2025-01-24T16:59:25-08:00,0,42
resume/index.html,14,html,2b2980da,Neil Dandekar,2025-01-24,16:59:25,-08:00,2025-01-24T16:59:25-08:00,0,39
resume/index.html,15,html,2b2980da,Neil Dandekar,2025-01-24,16:59:25,-08:00,2025-01-24T16:59:25-08:00,0,2
resume/index.html,16,html,2b2980da,Neil Dandekar,2025-01-24,16:59:25,-08:00,2025-01-24T16:59:25-08:00,0,60
resume/index.html,17,html,2b2980da,Neil Dandekar,2025-01-24,16:59:25,-08:00,2025-01-24T16:59:25-08:00,0,7
resume/index.html,18,html,e7a9e46a,Neil Dandekar,2025-01-24,17:10:05,-08:00,2025-01-24T17:10:05-08:00,0,69
resume/index.html,19,html,2b2980da,Neil Dandekar,2025-01-24,16:59:25,-08:00,2025-01-24T16:59:25-08:00,0,0
resume/index.html,20,html,15ee4953,Neil Dandekar,2025-01-24,17:16:08,-08:00,2025-01-24T17:16:08-08:00,0,0
resume/index.html,21,html,15ee4953,Neil Dandekar,2025-01-24,17:16:08,-08:00,2025-01-24T17:16:08-08:00,0,50
resume/index.html,22,html,15ee4953,Neil Dandekar,2025-01-24,17:16:08,-08:00,2025-01-24T17:16:08-08:00,0,42
resume/index.html,23,html,2b2980da,Neil Dandekar,2025-01-24,16:59:25,-08:00,2025-01-24T16:59:25-08:00,0,8
resume/index.html,24,html,edb9c61f,Neil Dandekar,2025-01-18,23:46:11,-08:00,2025-01-18T23:46:11-08:00,0,0
resume/index.html,25,html,2b2980da,Neil Dandekar,2025-01-24,16:59:25,-08:00,2025-01-24T16:59:25-08:00,0,23
resume/index.html,26,html,85993989,Neil Dandekar,2025-01-24,17:38:43,-08:00,2025-01-24T17:38:43-08:00,0,42
resume/index.html,27,html,2b2980da,Neil Dandekar,2025-01-24,16:59:25,-08:00,2025-01-24T16:59:25-08:00,0,0
resume/index.html,28,html,2b2980da,Neil Dandekar,2025-01-24,16:59:25,-08:00,2025-01-24T16:59:25-08:00,0,24
resume/index.html,29,html,85993989,Neil Dandekar,2025-01-24,17:38:43,-08:00,2025-01-24T17:38:43-08:00,0,51
resume/index.html,30,html,b3eabee,Neil Dandekar,2025-01-10,20:25:50,-08:00,2025-01-10T20:25:50-08:00,0,6
resume/index.html,31,html,b3eabee,Neil Dandekar,2025-01-10,20:25:50,-08:00,2025-01-10T20:25:50-08:00,0,5
resume/index.html,32,html,b3eabee,Neil Dandekar,2025-01-10,20:25:50,-08:00,2025-01-10T20:25:50-08:00,0,21
resume/index.html,33,html,b3eabee,Neil Dandekar,2025-01-10,20:25:50,-08:00,2025-01-10T20:25:50-08:00,0,0
resume/index.html,34,html,b3eabee,Neil Dandekar,2025-01-10,20:25:50,-08:00,2025-01-10T20:25:50-08:00,0,14
resume/index.html,35,html,b3eabee,Neil Dandekar,2025-01-10,20:25:50,-08:00,2025-01-10T20:25:50-08:00,0,0
resume/index.html,36,html,a28746e8,Neil Dandekar,2025-01-18,23:42:40,-08:00,2025-01-18T23:42:40-08:00,0,31
resume/index.html,37,html,a28746e8,Neil Dandekar,2025-01-18,23:42:40,-08:00,2025-01-18T23:42:40-08:00,0,17
resume/index.html,38,html,714c2c45,Neil Dandekar,2025-01-25,15:13:10,-08:00,2025-01-25T15:13:10-08:00,0,43
resume/index.html,39,html,714c2c45,Neil Dandekar,2025-01-25,15:13:10,-08:00,2025-01-25T15:13:10-08:00,0,0
resume/index.html,40,html,714c2c45,Neil Dandekar,2025-01-25,15:13:10,-08:00,2025-01-25T15:13:10-08:00,0,41
resume/index.html,41,html,714c2c45,Neil Dandekar,2025-01-25,15:13:10,-08:00,2025-01-25T15:13:10-08:00,0,36
resume/index.html,42,html,714c2c45,Neil Dandekar,2025-01-25,15:13:10,-08:00,2025-01-25T15:13:10-08:00,0,3
resume/index.html,43,html,714c2c45,Neil Dandekar,2025-01-25,15:13:10,-08:00,2025-01-25T15:13:10-08:00,0,16
resume/index.html,44,html,714c2c45,Neil Dandekar,2025-01-25,15:13:10,-08:00,2025-01-25T15:13:10-08:00,0,16
resume/index.html,45,html,714c2c45,Neil Dandekar,2025-01-25,15:13:10,-08:00,2025-01-25T15:13:10-08:00,0,16
resume/index.html,46,html,714c2c45,Neil Dandekar,2025-01-25,15:13:10,-08:00,2025-01-25T15:13:10-08:00,0,4
resume/index.html,47,html,a28746e8,Neil Dandekar,2025-01-18,23:42:40,-08:00,2025-01-18T23:42:40-08:00,0,9
resume/index.html,48,html,a28746e8,Neil Dandekar,2025-01-18,23:42:40,-08:00,2025-01-18T23:42:40-08:00,0,0
resume/index.html,49,html,a28746e8,Neil Dandekar,2025-01-18,23:42:40,-08:00,2025-01-18T23:42:40-08:00,0,31
resume/index.html,50,html,a28746e8,Neil Dandekar,2025-01-18,23:42:40,-08:00,2025-01-18T23:42:40-08:00,0,23
resume/index.html,51,html,714c2c45,Neil Dandekar,2025-01-25,15:13:10,-08:00,2025-01-25T15:13:10-08:00,0,53
resume/index.html,52,html,a28746e8,Neil Dandekar,2025-01-18,23:42:40,-08:00,2025-01-18T23:42:40-08:00,0,3
resume/index.html,53,html,714c2c45,Neil Dandekar,2025-01-25,15:13:10,-08:00,2025-01-25T15:13:10-08:00,0,14
resume/index.html,54,html,714c2c45,Neil Dandekar,2025-01-25,15:13:10,-08:00,2025-01-25T15:13:10-08:00,0,14
resume/index.html,55,html,714c2c45,Neil Dandekar,2025-01-25,15:13:10,-08:00,2025-01-25T15:13:10-08:00,0,14
resume/index.html,56,html,a28746e8,Neil Dandekar,2025-01-18,23:42:40,-08:00,2025-01-18T23:42:40-08:00,0,4
resume/index.html,57,html,a28746e8,Neil Dandekar,2025-01-18,23:42:40,-08:00,2025-01-18T23:42:40-08:00,0,9
resume/index.html,58,html,a28746e8,Neil Dandekar,2025-01-18,23:42:40,-08:00,2025-01-18T23:42:40-08:00,0,31
resume/index.html,59,html,a28746e8,Neil Dandekar,2025-01-18,23:42:40,-08:00,2025-01-18T23:42:40-08:00,0,14
resume/index.html,60,html,a28746e8,Neil Dandekar,2025-01-18,23:42:40,-08:00,2025-01-18T23:42:40-08:00,0,3
resume/index.html,61,html,714c2c45,Neil Dandekar,2025-01-25,15:13:10,-08:00,2025-01-25T15:13:10-08:00,0,3
resume/index.html,62,html,714c2c45,Neil Dandekar,2025-01-25,15:13:10,-08:00,2025-01-25T15:13:10-08:00,0,58
resume/index.html,63,html,714c2c45,Neil Dandekar,2025-01-25,15:13:10,-08:00,2025-01-25T15:13:10-08:00,0,8
resume/index.html,64,html,714c2c45,Neil Dandekar,2025-01-25,15:13:10,-08:00,2025-01-25T15:13:10-08:00,0,4
resume/index.html,65,html,714c2c45,Neil Dandekar,2025-01-25,15:13:10,-08:00,2025-01-25T15:13:10-08:00,0,51
resume/index.html,66,html,714c2c45,Neil Dandekar,2025-01-25,15:13:10,-08:00,2025-01-25T15:13:10-08:00,0,52
resume/index.html,67,html,a28746e8,Neil Dandekar,2025-01-18,23:42:40,-08:00,2025-01-18T23:42:40-08:00,0,4
resume/index.html,68,html,a28746e8,Neil Dandekar,2025-01-18,23:42:40,-08:00,2025-01-18T23:42:40-08:00,0,9
resume/index.html,69,html,714c2c45,Neil Dandekar,2025-01-25,15:13:10,-08:00,2025-01-25T15:13:10-08:00,0,0
resume/index.html,70,html,714c2c45,Neil Dandekar,2025-01-25,15:13:10,-08:00,2025-01-25T15:13:10-08:00,0,24
resume/index.html,71,html,31772afa,Neil Dandekar,2025-01-25,15:42:41,-08:00,2025-01-25T15:42:41-08:00,0,46
resume/index.html,72,html,b3eabee,Neil Dandekar,2025-01-10,20:25:50,-08:00,2025-01-10T20:25:50-08:00,0,6
resume/index.html,73,html,b3eabee,Neil Dandekar,2025-01-10,20:25:50,-08:00,2025-01-10T20:25:50-08:00,0,6
projects/styles.css,1,css,b96f8a55,Neil Dandekar,2025-01-18,23:57:18,-08:00,2025-01-18T23:57:18-08:00,0,10
projects/styles.css,2,css,b96f8a55,Neil Dandekar,2025-01-18,23:57:18,-08:00,2025-01-18T23:57:18-08:00,0,13
projects/styles.css,3,css,b96f8a55,Neil Dandekar,2025-01-18,23:57:18,-08:00,2025-01-18T23:57:18-08:00,0,60
projects/styles.css,4,css,b96f8a55,Neil Dandekar,2025-01-18,23:57:18,-08:00,2025-01-18T23:57:18-08:00,0,8
projects/styles.css,5,css,b96f8a55,Neil Dandekar,2025-01-18,23:57:18,-08:00,2025-01-18T23:57:18-08:00,0,12
projects/styles.css,6,css,b96f8a55,Neil Dandekar,2025-01-18,23:57:18,-08:00,2025-01-18T23:57:18-08:00,0,0
projects/styles.css,7,css,b96f8a55,Neil Dandekar,2025-01-18,23:57:18,-08:00,2025-01-18T23:57:18-08:00,0,0
projects/styles.css,8,css,b96f8a55,Neil Dandekar,2025-01-18,23:57:18,-08:00,2025-01-18T23:57:18-08:00,0,18
projects/styles.css,9,css,b96f8a55,Neil Dandekar,2025-01-18,23:57:18,-08:00,2025-01-18T23:57:18-08:00,0,12
projects/styles.css,10,css,b96f8a55,Neil Dandekar,2025-01-18,23:57:18,-08:00,2025-01-18T23:57:18-08:00,0,22
projects/styles.css,11,css,b96f8a55,Neil Dandekar,2025-01-18,23:57:18,-08:00,2025-01-18T23:57:18-08:00,0,18
projects/styles.css,12,css,b96f8a55,Neil Dandekar,2025-01-18,23:57:18,-08:00,2025-01-18T23:57:18-08:00,0,40
projects/styles.css,13,css,b96f8a55,Neil Dandekar,2025-01-18,23:57:18,-08:00,2025-01-18T23:57:18-08:00,0,0
projects/styles.css,14,css,b96f8a55,Neil Dandekar,2025-01-18,23:57:18,-08:00,2025-01-18T23:57:18-08:00,0,0
projects/styles.css,15,css,b96f8a55,Neil Dandekar,2025-01-18,23:57:18,-08:00,2025-01-18T23:57:18-08:00,0,14
projects/styles.css,16,css,b96f8a55,Neil Dandekar,2025-01-18,23:57:18,-08:00,2025-01-18T23:57:18-08:00,0,15
projects/styles.css,17,css,b96f8a55,Neil Dandekar,2025-01-18,23:57:18,-08:00,2025-01-18T23:57:18-08:00,0,18
projects/styles.css,18,css,b96f8a55,Neil Dandekar,2025-01-18,23:57:18,-08:00,2025-01-18T23:57:18-08:00,0,0
projects/styles.css,19,css,b96f8a55,Neil Dandekar,2025-01-18,23:57:18,-08:00,2025-01-18T23:57:18-08:00,0,0
projects/styles.css,20,css,b96f8a55,Neil Dandekar,2025-01-18,23:57:18,-08:00,2025-01-18T23:57:18-08:00,0,13
projects/styles.css,21,css,b96f8a55,Neil Dandekar,2025-01-18,23:57:18,-08:00,2025-01-18T23:57:18-08:00,0,15
projects/styles.css,22,css,b96f8a55,Neil Dandekar,2025-01-18,23:57:18,-08:00,2025-01-18T23:57:18-08:00,0,16
projects/styles.css,23,css,b96f8a55,Neil Dandekar,2025-01-18,23:57:18,-08:00,2025-01-18T23:57:18-08:00,0,0
projects/styles.css,24,css,51351a17,Neil Dandekar,2025-02-07,20:44:58,-08:00,2025-02-07T20:44:58-08:00,0,0
projects/styles.css,25,css,51351a17,Neil Dandekar,2025-02-07,20:44:58,-08:00,2025-02-07T20:44:58-08:00,0,11
projects/styles.css,26,css,51351a17,Neil Dandekar,2025-02-07,20:44:58,-08:00,2025-02-07T20:44:58-08:00,0,13
projects/styles.css,27,css,51351a17,Neil Dandekar,2025-02-07,20:44:58,-08:00,2025-02-07T20:44:58-08:00,0,19
projects/styles.css,28,css,51351a17,Neil Dandekar,2025-02-07,20:44:58,-08:00,2025-02-07T20:44:58-08:00,0,23
projects/styles.css,29,css,51351a17,Neil Dandekar,2025-02-07,20:44:58,-08:00,2025-02-07T20:44:58-08:00,0,8
projects/styles.css,30,css,51351a17,Neil Dandekar,2025-02-07,20:44:58,-08:00,2025-02-07T20:44:58-08:00,0,16
projects/styles.css,31,css,51351a17,Neil Dandekar,2025-02-07,20:44:58,-08:00,2025-02-07T20:44:58-08:00,0,12
projects/styles.css,32,css,51351a17,Neil Dandekar,2025-02-07,20:44:58,-08:00,2025-02-07T20:44:58-08:00,0,0
projects/styles.css,33,css,51351a17,Neil Dandekar,2025-02-07,20:44:58,-08:00,2025-02-07T20:44:58-08:00,0,0
projects/styles.css,34,css,51351a17,Neil Dandekar,2025-02-07,20:44:58,-08:00,2025-02-07T20:44:58-08:00,0,15
projects/styles.css,35,css,51351a17,Neil Dandekar,2025-02-07,20:44:58,-08:00,2025-02-07T20:44:58-08:00,0,15
projects/styles.css,36,css,51351a17,Neil Dandekar,2025-02-07,20:44:58,-08:00,2025-02-07T20:44:58-08:00,0,17
projects/styles.css,37,css,51351a17,Neil Dandekar,2025-02-07,20:44:58,-08:00,2025-02-07T20:44:58-08:00,0,17
projects/styles.css,38,css,51351a17,Neil Dandekar,2025-02-07,20:44:58,-08:00,2025-02-07T20:44:58-08:00,0,0
projects/styles.css,39,css,51351a17,Neil Dandekar,2025-02-07,20:44:58,-08:00,2025-02-07T20:44:58-08:00,0,0
projects/styles.css,40,css,51351a17,Neil Dandekar,2025-02-07,20:44:58,-08:00,2025-02-07T20:44:58-08:00,0,20
projects/styles.css,41,css,51351a17,Neil Dandekar,2025-02-07,20:44:58,-08:00,2025-02-07T20:44:58-08:00,0,15
projects/styles.css,42,css,51351a17,Neil Dandekar,2025-02-07,20:44:58,-08:00,2025-02-07T20:44:58-08:00,0,37
projects/styles.css,43,css,51351a17,Neil Dandekar,2025-02-07,20:44:58,-08:00,2025-02-07T20:44:58-08:00,0,0
projects/styles.css,44,css,51351a17,Neil Dandekar,2025-02-07,20:44:58,-08:00,2025-02-07T20:44:58-08:00,0,0
projects/styles.css,45,css,51351a17,Neil Dandekar,2025-02-07,20:44:58,-08:00,2025-02-07T20:44:58-08:00,0,48
projects/styles.css,46,css,51351a17,Neil Dandekar,2025-02-07,20:44:58,-08:00,2025-02-07T20:44:58-08:00,0,12
projects/styles.css,47,css,51351a17,Neil Dandekar,2025-02-07,20:44:58,-08:00,2025-02-07T20:44:58-08:00,0,0
projects/styles.css,48,css,51351a17,Neil Dandekar,2025-02-07,20:44:58,-08:00,2025-02-07T20:44:58-08:00,0,0
projects/styles.css,49,css,51351a17,Neil Dandekar,2025-02-07,20:44:58,-08:00,2025-02-07T20:44:58-08:00,0,10
projects/styles.css,50,css,51351a17,Neil Dandekar,2025-02-07,20:44:58,-08:00,2025-02-07T20:44:58-08:00,0,36
projects/styles.css,51,css,51351a17,Neil Dandekar,2025-02-07,20:44:58,-08:00,2025-02-07T20:44:58-08:00,0,0
projects/styles.css,52,css,51351a17,Neil Dandekar,2025-02-07,20:44:58,-08:00,2025-02-07T20:44:58-08:00,0,0
projects/styles.css,53,css,51351a17,Neil Dandekar,2025-02-07,20:44:58,-08:00,2025-02-07T20:44:58-08:00,0,15
projects/styles.css,54,css,51351a17,Neil Dandekar,2025-02-07,20:44:58,-08:00,2025-02-07T20:44:58-08:00,0,18
projects/styles.css,55,css,51351a17,Neil Dandekar,2025-02-07,20:44:58,-08:00,2025-02-07T20:44:58-08:00,0,0
projects/styles.css,56,css,51351a17,Neil Dandekar,2025-02-07,20:44:58,-08:00,2025-02-07T20:44:58-08:00,0,0
projects/styles.css,57,css,51351a17,Neil Dandekar,2025-02-07,20:44:58,-08:00,2025-02-07T20:44:58-08:00,0,8
projects/styles.css,58,css,51351a17,Neil Dandekar,2025-02-07,20:44:58,-08:00,2025-02-07T20:44:58-08:00,0,13
projects/styles.css,59,css,51351a17,Neil Dandekar,2025-02-07,20:44:58,-08:00,2025-02-07T20:44:58-08:00,0,15
projects/styles.css,60,css,51351a17,Neil Dandekar,2025-02-07,20:44:58,-08:00,2025-02-07T20:44:58-08:00,0,9
projects/styles.css,61,css,51351a17,Neil Dandekar,2025-02-07,20:44:58,-08:00,2025-02-07T20:44:58-08:00,0,12
projects/styles.css,62,css,51351a17,Neil Dandekar,2025-02-07,20:44:58,-08:00,2025-02-07T20:44:58-08:00,0,16
projects/styles.css,63,css,9969ba92,Neil Dandekar,2025-02-07,20:56:59,-08:00,2025-02-07T20:56:59-08:00,0,22
projects/styles.css,64,css,9969ba92,Neil Dandekar,2025-02-07,20:56:59,-08:00,2025-02-07T20:56:59-08:00,0,18
projects/styles.css,65,css,51351a17,Neil Dandekar,2025-02-07,20:44:58,-08:00,2025-02-07T20:44:58-08:00,0,0
projects/styles.css,66,css,51351a17,Neil Dandekar,2025-02-07,20:44:58,-08:00,2025-02-07T20:44:58-08:00,0,0
projects/styles.css,67,css,51351a17,Neil Dandekar,2025-02-07,20:44:58,-08:00,2025-02-07T20:44:58-08:00,0,13
projects/styles.css,68,css,51351a17,Neil Dandekar,2025-02-07,20:44:58,-08:00,2025-02-07T20:44:58-08:00,0,13
projects/styles.css,69,css,51351a17,Neil Dandekar,2025-02-07,20:44:58,-08:00,2025-02-07T20:44:58-08:00,0,19
projects/styles.css,70,css,51351a17,Neil Dandekar,2025-02-07,20:44:58,-08:00,2025-02-07T20:44:58-08:00,0,8
projects/styles.css,71,css,51351a17,Neil Dandekar,2025-02-07,20:44:58,-08:00,2025-02-07T20:44:58-08:00,0,15
projects/styles.css,72,css,51351a17,Neil Dandekar,2025-02-07,20:44:58,-08:00,2025-02-07T20:44:58-08:00,0,21
projects/styles.css,73,css,51351a17,Neil Dandekar,2025-02-07,20:44:58,-08:00,2025-02-07T20:44:58-08:00,0,0
projects/styles.css,74,css,51351a17,Neil Dandekar,2025-02-07,20:44:58,-08:00,2025-02-07T20:44:58-08:00,0,0
projects/styles.css,75,css,51351a17,Neil Dandekar,2025-02-07,20:44:58,-08:00,2025-02-07T20:44:58-08:00,0,19
projects/styles.css,76,css,51351a17,Neil Dandekar,2025-02-07,20:44:58,-08:00,2025-02-07T20:44:58-08:00,0,22
projects/styles.css,77,css,51351a17,Neil Dandekar,2025-02-07,20:44:58,-08:00,2025-02-07T20:44:58-08:00,0,0
projects/styles.css,78,css,51351a17,Neil Dandekar,2025-02-07,20:44:58,-08:00,2025-02-07T20:44:58-08:00,0,0
projects/styles.css,79,css,51351a17,Neil Dandekar,2025-02-07,20:44:58,-08:00,2025-02-07T20:44:58-08:00,0,22
projects/styles.css,80,css,51351a17,Neil Dandekar,2025-02-07,20:44:58,-08:00,2025-02-07T20:44:58-08:00,0,17
projects/styles.css,81,css,51351a17,Neil Dandekar,2025-02-07,20:44:58,-08:00,2025-02-07T20:44:58-08:00,0,19
projects/styles.css,82,css,51351a17,Neil Dandekar,2025-02-07,20:44:58,-08:00,2025-02-07T20:44:58-08:00,0,0
projects/styles.css,83,css,51351a17,Neil Dandekar,2025-02-07,20:44:58,-08:00,2025-02-07T20:44:58-08:00,0,0
projects/styles.css,84,css,51351a17,Neil Dandekar,2025-02-07,20:44:58,-08:00,2025-02-07T20:44:58-08:00,0,8
projects/styles.css,85,css,51351a17,Neil Dandekar,2025-02-07,20:44:58,-08:00,2025-02-07T20:44:58-08:00,0,11
projects/styles.css,86,css,51351a17,Neil Dandekar,2025-02-07,20:44:58,-08:00,2025-02-07T20:44:58-08:00,0,12
projects/styles.css,87,css,51351a17,Neil Dandekar,2025-02-07,20:44:58,-08:00,2025-02-07T20:44:58-08:00,0,18
projects/styles.css,88,css,51351a17,Neil Dandekar,2025-02-07,20:44:58,-08:00,2025-02-07T20:44:58-08:00,0,30
projects/styles.css,89,css,9969ba92,Neil Dandekar,2025-02-07,20:56:59,-08:00,2025-02-07T20:56:59-08:00,0,22
projects/styles.css,90,css,51351a17,Neil Dandekar,2025-02-07,20:44:58,-08:00,2025-02-07T20:44:58-08:00,0,0
projects/styles.css,91,css,51351a17,Neil Dandekar,2025-02-07,20:44:58,-08:00,2025-02-07T20:44:58-08:00,0,0
projects/styles.css,92,css,51351a17,Neil Dandekar,2025-02-07,20:44:58,-08:00,2025-02-07T20:44:58-08:00,0,11
projects/styles.css,93,css,51351a17,Neil Dandekar,2025-02-07,20:44:58,-08:00,2025-02-07T20:44:58-08:00,0,11
projects/styles.css,94,css,51351a17,Neil Dandekar,2025-02-07,20:44:58,-08:00,2025-02-07T20:44:58-08:00,0,39
projects/styles.css,95,css,51351a17,Neil Dandekar,2025-02-07,20:44:58,-08:00,2025-02-07T20:44:58-08:00,0,14
projects/styles.css,96,css,51351a17,Neil Dandekar,2025-02-07,20:44:58,-08:00,2025-02-07T20:44:58-08:00,0,50
projects/styles.css,97,css,51351a17,Neil Dandekar,2025-02-07,20:44:58,-08:00,2025-02-07T20:44:58-08:00,0,18
projects/styles.css,98,css,51351a17,Neil Dandekar,2025-02-07,20:44:58,-08:00,2025-02-07T20:44:58-08:00,0,15
projects/styles.css,99,css,51351a17,Neil Dandekar,2025-02-07,20:44:58,-08:00,2025-02-07T20:44:58-08:00,0,22
projects/styles.css,100,css,51351a17,Neil Dandekar,2025-02-07,20:44:58,-08:00,2025-02-07T20:44:58-08:00,0,19
projects/styles.css,101,css,9969ba92,Neil Dandekar,2025-02-07,20:56:59,-08:00,2025-02-07T20:56:59-08:00,0,56
projects/styles.css,102,css,9969ba92,Neil Dandekar,2025-02-07,20:56:59,-08:00,2025-02-07T20:56:59-08:00,0,25
projects/styles.css,103,css,51351a17,Neil Dandekar,2025-02-07,20:44:58,-08:00,2025-02-07T20:44:58-08:00,0,13
projects/styles.css,104,css,51351a17,Neil Dandekar,2025-02-07,20:44:58,-08:00,2025-02-07T20:44:58-08:00,0,32
projects/styles.css,105,css,9969ba92,Neil Dandekar,2025-02-07,20:56:59,-08:00,2025-02-07T20:56:59-08:00,0,59
projects/styles.css,106,css,51351a17,Neil Dandekar,2025-02-07,20:44:58,-08:00,2025-02-07T20:44:58-08:00,0,0
projects/styles.css,107,css,51351a17,Neil Dandekar,2025-02-07,20:44:58,-08:00,2025-02-07T20:44:58-08:00,0,0
projects/styles.css,108,css,51351a17,Neil Dandekar,2025-02-07,20:44:58,-08:00,2025-02-07T20:44:58-08:00,0,24
projects/styles.css,109,css,51351a17,Neil Dandekar,2025-02-07,20:44:58,-08:00,2025-02-07T20:44:58-08:00,0,11
projects/styles.css,110,css,51351a17,Neil Dandekar,2025-02-07,20:44:58,-08:00,2025-02-07T20:44:58-08:00,0,0
projects/styles.css,111,css,51351a17,Neil Dandekar,2025-02-07,20:44:58,-08:00,2025-02-07T20:44:58-08:00,0,0
projects/styles.css,112,css,51351a17,Neil Dandekar,2025-02-07,20:44:58,-08:00,2025-02-07T20:44:58-08:00,0,17
projects/styles.css,113,css,51351a17,Neil Dandekar,2025-02-07,20:44:58,-08:00,2025-02-07T20:44:58-08:00,0,21
projects/styles.css,114,css,51351a17,Neil Dandekar,2025-02-07,20:44:58,-08:00,2025-02-07T20:44:58-08:00,0,22
projects/styles.css,115,css,51351a17,Neil Dandekar,2025-02-07,20:44:58,-08:00,2025-02-07T20:44:58-08:00,0,42
projects/styles.css,116,css,9969ba92,Neil Dandekar,2025-02-07,20:56:59,-08:00,2025-02-07T20:56:59-08:00,0,63
projects/styles.css,117,css,51351a17,Neil Dandekar,2025-02-07,20:44:58,-08:00,2025-02-07T20:44:58-08:00,0,0
projects/styles.css,118,css,51351a17,Neil Dandekar,2025-02-07,20:44:58,-08:00,2025-02-07T20:44:58-08:00,0,0
projects/styles.css,119,css,51351a17,Neil Dandekar,2025-02-07,20:44:58,-08:00,2025-02-07T20:44:58-08:00,0,17
projects/styles.css,120,css,51351a17,Neil Dandekar,2025-02-07,20:44:58,-08:00,2025-02-07T20:44:58-08:00,0,18
projects/styles.css,121,css,51351a17,Neil Dandekar,2025-02-07,20:44:58,-08:00,2025-02-07T20:44:58-08:00,0,0
projects/projects.js,1,js,7a605724,Neil Dandekar,2025-02-01,23:07:14,-08:00,2025-02-01T23:07:14-08:00,0,56
projects/projects.js,2,js,51351a17,Neil Dandekar,2025-02-07,20:44:58,-08:00,2025-02-07T20:44:58-08:00,0,64
projects/projects.js,3,js,7a605724,Neil Dandekar,2025-02-01,23:07:14,-08:00,2025-02-01T23:07:14-08:00,0,0
projects/projects.js,4,js,7a605724,Neil Dandekar,2025-02-01,23:07:14,-08:00,2025-02-01T23:07:14-08:00,0,58
projects/projects.js,5,js,7a605724,Neil Dandekar,2025-02-01,23:07:14,-08:00,2025-02-01T23:07:14-08:00,0,61
projects/projects.js,6,js,51351a17,Neil Dandekar,2025-02-07,20:44:58,-08:00,2025-02-07T20:44:58-08:00,0,63
projects/projects.js,7,js,51351a17,Neil Dandekar,2025-02-07,20:44:58,-08:00,2025-02-07T20:44:58-08:00,0,0
projects/projects.js,8,js,51351a17,Neil Dandekar,2025-02-07,20:44:58,-08:00,2025-02-07T20:44:58-08:00,0,27
projects/projects.js,9,js,51351a17,Neil Dandekar,2025-02-07,20:44:58,-08:00,2025-02-07T20:44:58-08:00,0,51
projects/projects.js,10,js,51351a17,Neil Dandekar,2025-02-07,20:44:58,-08:00,2025-02-07T20:44:58-08:00,0,49
projects/projects.js,11,js,51351a17,Neil Dandekar,2025-02-07,20:44:58,-08:00,2025-02-07T20:44:58-08:00,0,0
projects/projects.js,12,js,51351a17,Neil Dandekar,2025-02-07,20:44:58,-08:00,2025-02-07T20:44:58-08:00,0,19
projects/projects.js,13,js,51351a17,Neil Dandekar,2025-02-07,20:44:58,-08:00,2025-02-07T20:44:58-08:00,0,59
projects/projects.js,14,js,51351a17,Neil Dandekar,2025-02-07,20:44:58,-08:00,2025-02-07T20:44:58-08:00,0,0
projects/projects.js,15,js,51351a17,Neil Dandekar,2025-02-07,20:44:58,-08:00,2025-02-07T20:44:58-08:00,0,0
projects/projects.js,16,js,51351a17,Neil Dandekar,2025-02-07,20:44:58,-08:00,2025-02-07T20:44:58-08:00,0,14
projects/projects.js,17,js,51351a17,Neil Dandekar,2025-02-07,20:44:58,-08:00,2025-02-07T20:44:58-08:00,0,22
projects/projects.js,18,js,51351a17,Neil Dandekar,2025-02-07,20:44:58,-08:00,2025-02-07T20:44:58-08:00,0,16
projects/projects.js,19,js,51351a17,Neil Dandekar,2025-02-07,20:44:58,-08:00,2025-02-07T20:44:58-08:00,0,0
projects/projects.js,20,js,51351a17,Neil Dandekar,2025-02-07,20:44:58,-08:00,2025-02-07T20:44:58-08:00,0,24
projects/projects.js,21,js,51351a17,Neil Dandekar,2025-02-07,20:44:58,-08:00,2025-02-07T20:44:58-08:00,0,71
projects/projects.js,22,js,51351a17,Neil Dandekar,2025-02-07,20:44:58,-08:00,2025-02-07T20:44:58-08:00,0,52
projects/projects.js,23,js,51351a17,Neil Dandekar,2025-02-07,20:44:58,-08:00,2025-02-07T20:44:58-08:00,0,18
projects/projects.js,24,js,51351a17,Neil Dandekar,2025-02-07,20:44:58,-08:00,2025-02-07T20:44:58-08:00,0,59
projects/projects.js,25,js,51351a17,Neil Dandekar,2025-02-07,20:44:58,-08:00,2025-02-07T20:44:58-08:00,0,63
projects/projects.js,26,js,51351a17,Neil Dandekar,2025-02-07,20:44:58,-08:00,2025-02-07T20:44:58-08:00,0,16
projects/projects.js,27,js,51351a17,Neil Dandekar,2025-02-07,20:44:58,-08:00,2025-02-07T20:44:58-08:00,0,22
projects/projects.js,28,js,51351a17,Neil Dandekar,2025-02-07,20:44:58,-08:00,2025-02-07T20:44:58-08:00,0,45
projects/projects.js,29,js,51351a17,Neil Dandekar,2025-02-07,20:44:58,-08:00,2025-02-07T20:44:58-08:00,0,35
projects/projects.js,30,js,51351a17,Neil Dandekar,2025-02-07,20:44:58,-08:00,2025-02-07T20:44:58-08:00,0,2
projects/projects.js,31,js,51351a17,Neil Dandekar,2025-02-07,20:44:58,-08:00,2025-02-07T20:44:58-08:00,0,57
projects/projects.js,32,js,51351a17,Neil Dandekar,2025-02-07,20:44:58,-08:00,2025-02-07T20:44:58-08:00,0,0
projects/projects.js,33,js,51351a17,Neil Dandekar,2025-02-07,20:44:58,-08:00,2025-02-07T20:44:58-08:00,0,0
projects/projects.js,34,js,51351a17,Neil Dandekar,2025-02-07,20:44:58,-08:00,2025-02-07T20:44:58-08:00,0,26
projects/projects.js,35,js,51351a17,Neil Dandekar,2025-02-07,20:44:58,-08:00,2025-02-07T20:44:58-08:00,0,30
projects/projects.js,36,js,51351a17,Neil Dandekar,2025-02-07,20:44:58,-08:00,2025-02-07T20:44:58-08:00,0,8
projects/projects.js,37,js,51351a17,Neil Dandekar,2025-02-07,20:44:58,-08:00,2025-02-07T20:44:58-08:00,0,15
projects/projects.js,38,js,51351a17,Neil Dandekar,2025-02-07,20:44:58,-08:00,2025-02-07T20:44:58-08:00,0,12
projects/projects.js,39,js,51351a17,Neil Dandekar,2025-02-07,20:44:58,-08:00,2025-02-07T20:44:58-08:00,0,1
projects/projects.js,40,js,51351a17,Neil Dandekar,2025-02-07,20:44:58,-08:00,2025-02-07T20:44:58-08:00,0,0
projects/projects.js,41,js,51351a17,Neil Dandekar,2025-02-07,20:44:58,-08:00,2025-02-07T20:44:58-08:00,0,47
projects/projects.js,42,js,51351a17,Neil Dandekar,2025-02-07,20:44:58,-08:00,2025-02-07T20:44:58-08:00,0,36
projects/projects.js,43,js,51351a17,Neil Dandekar,2025-02-07,20:44:58,-08:00,2025-02-07T20:44:58-08:00,0,2
projects/projects.js,44,js,51351a17,Neil Dandekar,2025-02-07,20:44:58,-08:00,2025-02-07T20:44:58-08:00,0,0
projects/projects.js,45,js,51351a17,Neil Dandekar,2025-02-07,20:44:58,-08:00,2025-02-07T20:44:58-08:00,0,54
projects/projects.js,46,js,51351a17,Neil Dandekar,2025-02-07,20:44:58,-08:00,2025-02-07T20:44:58-08:00,0,43
projects/projects.js,47,js,51351a17,Neil Dandekar,2025-02-07,20:44:58,-08:00,2025-02-07T20:44:58-08:00,0,61
projects/projects.js,48,js,51351a17,Neil Dandekar,2025-02-07,20:44:58,-08:00,2025-02-07T20:44:58-08:00,0,55
projects/projects.js,49,js,51351a17,Neil Dandekar,2025-02-07,20:44:58,-08:00,2025-02-07T20:44:58-08:00,0,48
projects/projects.js,50,js,51351a17,Neil Dandekar,2025-02-07,20:44:58,-08:00,2025-02-07T20:44:58-08:00,0,0
projects/projects.js,51,js,51351a17,Neil Dandekar,2025-02-07,20:44:58,-08:00,2025-02-07T20:44:58-08:00,0,26
projects/projects.js,52,js,51351a17,Neil Dandekar,2025-02-07,20:44:58,-08:00,2025-02-07T20:44:58-08:00,0,30
projects/projects.js,53,js,51351a17,Neil Dandekar,2025-02-07,20:44:58,-08:00,2025-02-07T20:44:58-08:00,0,30
projects/projects.js,54,js,51351a17,Neil Dandekar,2025-02-07,20:44:58,-08:00,2025-02-07T20:44:58-08:00,0,17
projects/projects.js,55,js,51351a17,Neil Dandekar,2025-02-07,20:44:58,-08:00,2025-02-07T20:44:58-08:00,0,14
projects/projects.js,56,js,51351a17,Neil Dandekar,2025-02-07,20:44:58,-08:00,2025-02-07T20:44:58-08:00,0,25
projects/projects.js,57,js,51351a17,Neil Dandekar,2025-02-07,20:44:58,-08:00,2025-02-07T20:44:58-08:00,0,54
projects/projects.js,58,js,51351a17,Neil Dandekar,2025-02-07,20:44:58,-08:00,2025-02-07T20:44:58-08:00,0,19
projects/projects.js,59,js,51351a17,Neil Dandekar,2025-02-07,20:44:58,-08:00,2025-02-07T20:44:58-08:00,0,48
projects/projects.js,60,js,51351a17,Neil Dandekar,2025-02-07,20:44:58,-08:00,2025-02-07T20:44:58-08:00,0,44
projects/projects.js,61,js,51351a17,Neil Dandekar,2025-02-07,20:44:58,-08:00,2025-02-07T20:44:58-08:00,0,36
projects/projects.js,62,js,51351a17,Neil Dandekar,2025-02-07,20:44:58,-08:00,2025-02-07T20:44:58-08:00,0,1
projects/projects.js,63,js,51351a17,Neil Dandekar,2025-02-07,20:44:58,-08:00,2025-02-07T20:44:58-08:00,0,14
projects/projects.js,64,js,51351a17,Neil Dandekar,2025-02-07,20:44:58,-08:00,2025-02-07T20:44:58-08:00,0,2
projects/projects.js,65,js,51351a17,Neil Dandekar,2025-02-07,20:44:58,-08:00,2025-02-07T20:44:58-08:00,0,2
projects/projects.js,66,js,51351a17,Neil Dandekar,2025-02-07,20:44:58,-08:00,2025-02-07T20:44:58-08:00,0,0
projects/projects.js,67,js,51351a17,Neil Dandekar,2025-02-07,20:44:58,-08:00,2025-02-07T20:44:58-08:00,0,33
projects/projects.js,68,js,51351a17,Neil Dandekar,2025-02-07,20:44:58,-08:00,2025-02-07T20:44:58-08:00,0,30
projects/projects.js,69,js,51351a17,Neil Dandekar,2025-02-07,20:44:58,-08:00,2025-02-07T20:44:58-08:00,0,0
projects/projects.js,70,js,51351a17,Neil Dandekar,2025-02-07,20:44:58,-08:00,2025-02-07T20:44:58-08:00,0,28
projects/projects.js,71,js,51351a17,Neil Dandekar,2025-02-07,20:44:58,-08:00,2025-02-07T20:44:58-08:00,0,5
projects/projects.js,72,js,51351a17,Neil Dandekar,2025-02-07,20:44:58,-08:00,2025-02-07T20:44:58-08:00,0,12
projects/projects.js,73,js,51351a17,Neil Dandekar,2025-02-07,20:44:58,-08:00,2025-02-07T20:44:58-08:00,0,40
projects/projects.js,74,js,51351a17,Neil Dandekar,2025-02-07,20:44:58,-08:00,2025-02-07T20:44:58-08:00,0,5
projects/projects.js,75,js,51351a17,Neil Dandekar,2025-02-07,20:44:58,-08:00,2025-02-07T20:44:58-08:00,0,7
projects/projects.js,76,js,51351a17,Neil Dandekar,2025-02-07,20:44:58,-08:00,2025-02-07T20:44:58-08:00,0,20
projects/projects.js,77,js,51351a17,Neil Dandekar,2025-02-07,20:44:58,-08:00,2025-02-07T20:44:58-08:00,0,23
projects/projects.js,78,js,51351a17,Neil Dandekar,2025-02-07,20:44:58,-08:00,2025-02-07T20:44:58-08:00,0,14
projects/projects.js,79,js,51351a17,Neil Dandekar,2025-02-07,20:44:58,-08:00,2025-02-07T20:44:58-08:00,0,0
projects/projects.js,80,js,51351a17,Neil Dandekar,2025-02-07,20:44:58,-08:00,2025-02-07T20:44:58-08:00,0,5
projects/projects.js,81,js,51351a17,Neil Dandekar,2025-02-07,20:44:58,-08:00,2025-02-07T20:44:58-08:00,0,62
projects/projects.js,82,js,51351a17,Neil Dandekar,2025-02-07,20:44:58,-08:00,2025-02-07T20:44:58-08:00,0,0
projects/projects.js,83,js,51351a17,Neil Dandekar,2025-02-07,20:44:58,-08:00,2025-02-07T20:44:58-08:00,0,19
projects/projects.js,84,js,51351a17,Neil Dandekar,2025-02-07,20:44:58,-08:00,2025-02-07T20:44:58-08:00,0,48
projects/projects.js,85,js,51351a17,Neil Dandekar,2025-02-07,20:44:58,-08:00,2025-02-07T20:44:58-08:00,0,5
projects/projects.js,86,js,51351a17,Neil Dandekar,2025-02-07,20:44:58,-08:00,2025-02-07T20:44:58-08:00,0,15
projects/projects.js,87,js,51351a17,Neil Dandekar,2025-02-07,20:44:58,-08:00,2025-02-07T20:44:58-08:00,0,23
projects/projects.js,88,js,51351a17,Neil Dandekar,2025-02-07,20:44:58,-08:00,2025-02-07T20:44:58-08:00,0,18
projects/projects.js,89,js,51351a17,Neil Dandekar,2025-02-07,20:44:58,-08:00,2025-02-07T20:44:58-08:00,0,23
projects/projects.js,90,js,51351a17,Neil Dandekar,2025-02-07,20:44:58,-08:00,2025-02-07T20:44:58-08:00,0,14
projects/projects.js,91,js,51351a17,Neil Dandekar,2025-02-07,20:44:58,-08:00,2025-02-07T20:44:58-08:00,0,1
projects/projects.js,92,js,51351a17,Neil Dandekar,2025-02-07,20:44:58,-08:00,2025-02-07T20:44:58-08:00,0,14
projects/projects.js,93,js,51351a17,Neil Dandekar,2025-02-07,20:44:58,-08:00,2025-02-07T20:44:58-08:00,0,2
projects/projects.js,94,js,51351a17,Neil Dandekar,2025-02-07,20:44:58,-08:00,2025-02-07T20:44:58-08:00,0,2
projects/projects.js,95,js,7a605724,Neil Dandekar,2025-02-01,23:07:14,-08:00,2025-02-01T23:07:14-08:00,0,0
projects/projects.js,96,js,51351a17,Neil Dandekar,2025-02-07,20:44:58,-08:00,2025-02-07T20:44:58-08:00,0,0
projects/projects.js,97,js,51351a17,Neil Dandekar,2025-02-07,20:44:58,-08:00,2025-02-07T20:44:58-08:00,0,54
projects/projects.js,98,js,51351a17,Neil Dandekar,2025-02-07,20:44:58,-08:00,2025-02-07T20:44:58-08:00,0,49
projects/projects.js,99,js,51351a17,Neil Dandekar,2025-02-07,20:44:58,-08:00,2025-02-07T20:44:58-08:00,0,26
projects/projects.js,100,js,51351a17,Neil Dandekar,2025-02-07,20:44:58,-08:00,2025-02-07T20:44:58-08:00,0,14
projects/projects.js,101,js,51351a17,Neil Dandekar,2025-02-07,20:44:58,-08:00,2025-02-07T20:44:58-08:00,0,2
projects/projects.js,102,js,51351a17,Neil Dandekar,2025-02-07,20:44:58,-08:00,2025-02-07T20:44:58-08:00,0,0
projects/projects.js,103,js,51351a17,Neil Dandekar,2025-02-07,20:44:58,-08:00,2025-02-07T20:44:58-08:00,0,16
projects/projects.js,104,js,7a605724,Neil Dandekar,2025-02-01,23:07:14,-08:00,2025-02-01T23:07:14-08:00,0,2
projects/index.html,1,html,b3eabee,Neil Dandekar,2025-01-10,20:25:50,-08:00,2025-01-10T20:25:50-08:00,0,14
projects/index.html,2,html,b3eabee,Neil Dandekar,2025-01-10,20:25:50,-08:00,2025-01-10T20:25:50-08:00,0,15
projects/index.html,3,html,b3eabee,Neil Dandekar,2025-01-10,20:25:50,-08:00,2025-01-10T20:25:50-08:00,0,5
projects/index.html,4,html,b3eabee,Neil Dandekar,2025-01-10,20:25:50,-08:00,2025-01-10T20:25:50-08:00,0,23
projects/index.html,5,html,b3eabee,Neil Dandekar,2025-01-10,20:25:50,-08:00,2025-01-10T20:25:50-08:00,0,71
projects/index.html,6,html,b3eabee,Neil Dandekar,2025-01-10,20:25:50,-08:00,2025-01-10T20:25:50-08:00,0,22
projects/index.html,7,html,edb9c61f,Neil Dandekar,2025-01-18,23:46:11,-08:00,2025-01-18T23:46:11-08:00,0,0
projects/index.html,8,html,2b2980da,Neil Dandekar,2025-01-24,16:59:25,-08:00,2025-01-24T16:59:25-08:00,0,32
projects/index.html,9,html,2b2980da,Neil Dandekar,2025-01-24,16:59:25,-08:00,2025-01-24T16:59:25-08:00,0,7
projects/index.html,10,html,2b2980da,Neil Dandekar,2025-01-24,16:59:25,-08:00,2025-01-24T16:59:25-08:00,0,51
projects/index.html,11,html,2b2980da,Neil Dandekar,2025-01-24,16:59:25,-08:00,2025-01-24T16:59:25-08:00,0,44
projects/index.html,12,html,2b2980da,Neil Dandekar,2025-01-24,16:59:25,-08:00,2025-01-24T16:59:25-08:00,0,3
projects/index.html,13,html,2b2980da,Neil Dandekar,2025-01-24,16:59:25,-08:00,2025-01-24T16:59:25-08:00,0,42
projects/index.html,14,html,2b2980da,Neil Dandekar,2025-01-24,16:59:25,-08:00,2025-01-24T16:59:25-08:00,0,39
projects/index.html,15,html,2b2980da,Neil Dandekar,2025-01-24,16:59:25,-08:00,2025-01-24T16:59:25-08:00,0,2
projects/index.html,16,html,2b2980da,Neil Dandekar,2025-01-24,16:59:25,-08:00,2025-01-24T16:59:25-08:00,0,60
projects/index.html,17,html,2b2980da,Neil Dandekar,2025-01-24,16:59:25,-08:00,2025-01-24T16:59:25-08:00,0,7
projects/index.html,18,html,e7a9e46a,Neil Dandekar,2025-01-24,17:10:05,-08:00,2025-01-24T17:10:05-08:00,0,69
projects/index.html,19,html,2b2980da,Neil Dandekar,2025-01-24,16:59:25,-08:00,2025-01-24T16:59:25-08:00,0,0
projects/index.html,20,html,15ee4953,Neil Dandekar,2025-01-24,17:16:08,-08:00,2025-01-24T17:16:08-08:00,0,0
projects/index.html,21,html,15ee4953,Neil Dandekar,2025-01-24,17:16:08,-08:00,2025-01-24T17:16:08-08:00,0,50
projects/index.html,22,html,15ee4953,Neil Dandekar,2025-01-24,17:16:08,-08:00,2025-01-24T17:16:08-08:00,0,42
projects/index.html,23,html,2b2980da,Neil Dandekar,2025-01-24,16:59:25,-08:00,2025-01-24T16:59:25-08:00,0,8
projects/index.html,24,html,edb9c61f,Neil Dandekar,2025-01-18,23:46:11,-08:00,2025-01-18T23:46:11-08:00,0,0
projects/index.html,25,html,2b2980da,Neil Dandekar,2025-01-24,16:59:25,-08:00,2025-01-24T16:59:25-08:00,0,23
projects/index.html,26,html,85993989,Neil Dandekar,2025-01-24,17:38:43,-08:00,2025-01-24T17:38:43-08:00,0,42
projects/index.html,27,html,2b2980da,Neil Dandekar,2025-01-24,16:59:25,-08:00,2025-01-24T16:59:25-08:00,0,0
projects/index.html,28,html,2b2980da,Neil Dandekar,2025-01-24,16:59:25,-08:00,2025-01-24T16:59:25-08:00,0,24
projects/index.html,29,html,85993989,Neil Dandekar,2025-01-24,17:38:43,-08:00,2025-01-24T17:38:43-08:00,0,51
projects/index.html,30,html,b3eabee,Neil Dandekar,2025-01-10,20:25:50,-08:00,2025-01-10T20:25:50-08:00,0,6
projects/index.html,31,html,b3eabee,Neil Dandekar,2025-01-10,20:25:50,-08:00,2025-01-10T20:25:50-08:00,0,5
projects/index.html,32,html,b3eabee,Neil Dandekar,2025-01-10,20:25:50,-08:00,2025-01-10T20:25:50-08:00,0,21
projects/index.html,33,html,b3eabee,Neil Dandekar,2025-01-10,20:25:50,-08:00,2025-01-10T20:25:50-08:00,0,0
projects/index.html,34,html,7a605724,Neil Dandekar,2025-02-01,23:07:14,-08:00,2025-02-01T23:07:14-08:00,0,39
projects/index.html,35,html,51351a17,Neil Dandekar,2025-02-07,20:44:58,-08:00,2025-02-07T20:44:58-08:00,0,0
projects/index.html,36,html,51351a17,Neil Dandekar,2025-02-07,20:44:58,-08:00,2025-02-07T20:44:58-08:00,0,22
projects/index.html,37,html,51351a17,Neil Dandekar,2025-02-07,20:44:58,-08:00,2025-02-07T20:44:58-08:00,0,55
projects/index.html,38,html,51351a17,Neil Dandekar,2025-02-07,20:44:58,-08:00,2025-02-07T20:44:58-08:00,0,23
projects/index.html,39,html,51351a17,Neil Dandekar,2025-02-07,20:44:58,-08:00,2025-02-07T20:44:58-08:00,0,5
projects/index.html,40,html,51351a17,Neil Dandekar,2025-02-07,20:44:58,-08:00,2025-02-07T20:44:58-08:00,0,0
projects/index.html,41,html,51351a17,Neil Dandekar,2025-02-07,20:44:58,-08:00,2025-02-07T20:44:58-08:00,0,5
projects/index.html,42,html,51351a17,Neil Dandekar,2025-02-07,20:44:58,-08:00,2025-02-07T20:44:58-08:00,0,16
projects/index.html,43,html,51351a17,Neil Dandekar,2025-02-07,20:44:58,-08:00,2025-02-07T20:44:58-08:00,0,12
projects/index.html,44,html,51351a17,Neil Dandekar,2025-02-07,20:44:58,-08:00,2025-02-07T20:44:58-08:00,0,27
projects/index.html,45,html,51351a17,Neil Dandekar,2025-02-07,20:44:58,-08:00,2025-02-07T20:44:58-08:00,0,32
projects/index.html,46,html,51351a17,Neil Dandekar,2025-02-07,20:44:58,-08:00,2025-02-07T20:44:58-08:00,0,1
projects/index.html,47,html,51351a17,Neil Dandekar,2025-02-07,20:44:58,-08:00,2025-02-07T20:44:58-08:00,0,0
projects/index.html,48,html,714c2c45,Neil Dandekar,2025-01-25,15:13:10,-08:00,2025-01-25T15:13:10-08:00,0,21
projects/index.html,49,html,7a605724,Neil Dandekar,2025-02-01,23:07:14,-08:00,2025-02-01T23:07:14-08:00,0,46
projects/index.html,50,html,7a605724,Neil Dandekar,2025-02-01,23:07:14,-08:00,2025-02-01T23:07:14-08:00,0,57
projects/index.html,51,html,714c2c45,Neil Dandekar,2025-01-25,15:13:10,-08:00,2025-01-25T15:13:10-08:00,0,5
projects/index.html,52,html,7a605724,Neil Dandekar,2025-02-01,23:07:14,-08:00,2025-02-01T23:07:14-08:00,0,0
projects/index.html,53,html,31772afa,Neil Dandekar,2025-01-25,15:42:41,-08:00,2025-01-25T15:42:41-08:00,0,46
projects/index.html,54,html,b3eabee,Neil Dandekar,2025-01-10,20:25:50,-08:00,2025-01-10T20:25:50-08:00,0,6
projects/index.html,55,html,b3eabee,Neil Dandekar,2025-01-10,20:25:50,-08:00,2025-01-10T20:25:50-08:00,0,6
meta/index.html,1,html,bbab1623,Neil Dandekar,2025-02-14,04:18:28,-08:00,2025-02-14T04:18:28-08:00,0,14
meta/index.html,2,html,bbab1623,Neil Dandekar,2025-02-14,04:18:28,-08:00,2025-02-14T04:18:28-08:00,0,15
meta/index.html,3,html,bbab1623,Neil Dandekar,2025-02-14,04:18:28,-08:00,2025-02-14T04:18:28-08:00,0,5
meta/index.html,4,html,bbab1623,Neil Dandekar,2025-02-14,04:18:28,-08:00,2025-02-14T04:18:28-08:00,0,23
meta/index.html,5,html,bbab1623,Neil Dandekar,2025-02-14,04:18:28,-08:00,2025-02-14T04:18:28-08:00,0,71
meta/index.html,6,html,bbab1623,Neil Dandekar,2025-02-14,04:18:28,-08:00,2025-02-14T04:18:28-08:00,0,18
meta/index.html,7,html,bbab1623,Neil Dandekar,2025-02-14,04:18:28,-08:00,2025-02-14T04:18:28-08:00,0,0
meta/index.html,8,html,bbab1623,Neil Dandekar,2025-02-14,04:18:28,-08:00,2025-02-14T04:18:28-08:00,0,32
meta/index.html,9,html,bbab1623,Neil Dandekar,2025-02-14,04:18:28,-08:00,2025-02-14T04:18:28-08:00,0,7
meta/index.html,10,html,bbab1623,Neil Dandekar,2025-02-14,04:18:28,-08:00,2025-02-14T04:18:28-08:00,0,51
meta/index.html,11,html,bbab1623,Neil Dandekar,2025-02-14,04:18:28,-08:00,2025-02-14T04:18:28-08:00,0,44
meta/index.html,12,html,bbab1623,Neil Dandekar,2025-02-14,04:18:28,-08:00,2025-02-14T04:18:28-08:00,0,3
meta/index.html,13,html,bbab1623,Neil Dandekar,2025-02-14,04:18:28,-08:00,2025-02-14T04:18:28-08:00,0,42
meta/index.html,14,html,bbab1623,Neil Dandekar,2025-02-14,04:18:28,-08:00,2025-02-14T04:18:28-08:00,0,39
meta/index.html,15,html,bbab1623,Neil Dandekar,2025-02-14,04:18:28,-08:00,2025-02-14T04:18:28-08:00,0,2
meta/index.html,16,html,bbab1623,Neil Dandekar,2025-02-14,04:18:28,-08:00,2025-02-14T04:18:28-08:00,0,60
meta/index.html,17,html,bbab1623,Neil Dandekar,2025-02-14,04:18:28,-08:00,2025-02-14T04:18:28-08:00,0,7
meta/index.html,18,html,bbab1623,Neil Dandekar,2025-02-14,04:18:28,-08:00,2025-02-14T04:18:28-08:00,0,69
meta/index.html,19,html,bbab1623,Neil Dandekar,2025-02-14,04:18:28,-08:00,2025-02-14T04:18:28-08:00,0,0
meta/index.html,20,html,bbab1623,Neil Dandekar,2025-02-14,04:18:28,-08:00,2025-02-14T04:18:28-08:00,0,0
meta/index.html,21,html,bbab1623,Neil Dandekar,2025-02-14,04:18:28,-08:00,2025-02-14T04:18:28-08:00,0,50
meta/index.html,22,html,bbab1623,Neil Dandekar,2025-02-14,04:18:28,-08:00,2025-02-14T04:18:28-08:00,0,42
meta/index.html,23,html,bbab1623,Neil Dandekar,2025-02-14,04:18:28,-08:00,2025-02-14T04:18:28-08:00,0,8
meta/index.html,24,html,bbab1623,Neil Dandekar,2025-02-14,04:18:28,-08:00,2025-02-14T04:18:28-08:00,0,0
meta/index.html,25,html,bbab1623,Neil Dandekar,2025-02-14,04:18:28,-08:00,2025-02-14T04:18:28-08:00,0,23
meta/index.html,26,html,bbab1623,Neil Dandekar,2025-02-14,04:18:28,-08:00,2025-02-14T04:18:28-08:00,0,42
meta/index.html,27,html,bbab1623,Neil Dandekar,2025-02-14,04:18:28,-08:00,2025-02-14T04:18:28-08:00,0,0
meta/index.html,28,html,bbab1623,Neil Dandekar,2025-02-14,04:18:28,-08:00,2025-02-14T04:18:28-08:00,0,24
meta/index.html,29,html,bbab1623,Neil Dandekar,2025-02-14,04:18:28,-08:00,2025-02-14T04:18:28-08:00,0,47
meta/index.html,30,html,bbab1623,Neil Dandekar,2025-02-14,04:18:28,-08:00,2025-02-14T04:18:28-08:00,0,6
meta/index.html,31,html,bbab1623,Neil Dandekar,2025-02-14,04:18:28,-08:00,2025-02-14T04:18:28-08:00,0,5
meta/index.html,32,html,bbab1623,Neil Dandekar,2025-02-14,04:18:28,-08:00,2025-02-14T04:18:28-08:00,0,21
meta/index.html,33,html,bbab1623,Neil Dandekar,2025-02-14,04:18:28,-08:00,2025-02-14T04:18:28-08:00,0,0
meta/index.html,34,html,bbab1623,Neil Dandekar,2025-02-14,04:18:28,-08:00,2025-02-14T04:18:28-08:00,0,12
meta/index.html,35,html,bbab1623,Neil Dandekar,2025-02-14,04:18:28,-08:00,2025-02-14T04:18:28-08:00,0,0
meta/index.html,36,html,bbab1623,Neil Dandekar,2025-02-14,04:18:28,-08:00,2025-02-14T04:18:28-08:00,0,6
meta/index.html,37,html,bbab1623,Neil Dandekar,2025-02-14,04:18:28,-08:00,2025-02-14T04:18:28-08:00,0,46
meta/index.html,38,html,bbab1623,Neil Dandekar,2025-02-14,04:18:28,-08:00,2025-02-14T04:18:28-08:00,0,6
meta/index.html,39,html,bbab1623,Neil Dandekar,2025-02-14,04:18:28,-08:00,2025-02-14T04:18:28-08:00,0,6
contact/styles.css,1,css,b96f8a55,Neil Dandekar,2025-01-18,23:57:18,-08:00,2025-01-18T23:57:18-08:00,0,25
contact/styles.css,2,css,b96f8a55,Neil Dandekar,2025-01-18,23:57:18,-08:00,2025-01-18T23:57:18-08:00,0,14
contact/styles.css,3,css,b96f8a55,Neil Dandekar,2025-01-18,23:57:18,-08:00,2025-01-18T23:57:18-08:00,0,13
contact/styles.css,4,css,b96f8a55,Neil Dandekar,2025-01-18,23:57:18,-08:00,2025-01-18T23:57:18-08:00,0,31
contact/styles.css,5,css,b96f8a55,Neil Dandekar,2025-01-18,23:57:18,-08:00,2025-01-18T23:57:18-08:00,0,8
contact/styles.css,6,css,b96f8a55,Neil Dandekar,2025-01-18,23:57:18,-08:00,2025-01-18T23:57:18-08:00,0,16
contact/styles.css,7,css,b96f8a55,Neil Dandekar,2025-01-18,23:57:18,-08:00,2025-01-18T23:57:18-08:00,0,12
contact/styles.css,8,css,b96f8a55,Neil Dandekar,2025-01-18,23:57:18,-08:00,2025-01-18T23:57:18-08:00,0,12
contact/styles.css,9,css,b96f8a55,Neil Dandekar,2025-01-18,23:57:18,-08:00,2025-01-18T23:57:18-08:00,0,22
contact/styles.css,10,css,b96f8a55,Neil Dandekar,2025-01-18,23:57:18,-08:00,2025-01-18T23:57:18-08:00,0,18
contact/styles.css,11,css,b96f8a55,Neil Dandekar,2025-01-18,23:57:18,-08:00,2025-01-18T23:57:18-08:00,0,0
contact/styles.css,12,css,b96f8a55,Neil Dandekar,2025-01-18,23:57:18,-08:00,2025-01-18T23:57:18-08:00,0,0
contact/styles.css,13,css,b96f8a55,Neil Dandekar,2025-01-18,23:57:18,-08:00,2025-01-18T23:57:18-08:00,0,20
contact/styles.css,14,css,b96f8a55,Neil Dandekar,2025-01-18,23:57:18,-08:00,2025-01-18T23:57:18-08:00,0,18
contact/styles.css,15,css,b96f8a55,Neil Dandekar,2025-01-18,23:57:18,-08:00,2025-01-18T23:57:18-08:00,0,0
contact/styles.css,16,css,b96f8a55,Neil Dandekar,2025-01-18,23:57:18,-08:00,2025-01-18T23:57:18-08:00,0,0
contact/styles.css,17,css,b96f8a55,Neil Dandekar,2025-01-18,23:57:18,-08:00,2025-01-18T23:57:18-08:00,0,19
contact/styles.css,18,css,b96f8a55,Neil Dandekar,2025-01-18,23:57:18,-08:00,2025-01-18T23:57:18-08:00,0,22
contact/styles.css,19,css,b96f8a55,Neil Dandekar,2025-01-18,23:57:18,-08:00,2025-01-18T23:57:18-08:00,0,21
contact/styles.css,20,css,b96f8a55,Neil Dandekar,2025-01-18,23:57:18,-08:00,2025-01-18T23:57:18-08:00,0,14
contact/styles.css,21,css,b96f8a55,Neil Dandekar,2025-01-18,23:57:18,-08:00,2025-01-18T23:57:18-08:00,0,22
contact/styles.css,22,css,b96f8a55,Neil Dandekar,2025-01-18,23:57:18,-08:00,2025-01-18T23:57:18-08:00,0,18
contact/styles.css,23,css,b96f8a55,Neil Dandekar,2025-01-18,23:57:18,-08:00,2025-01-18T23:57:18-08:00,0,11
contact/styles.css,24,css,b96f8a55,Neil Dandekar,2025-01-18,23:57:18,-08:00,2025-01-18T23:57:18-08:00,0,0
contact/styles.css,25,css,b96f8a55,Neil Dandekar,2025-01-18,23:57:18,-08:00,2025-01-18T23:57:18-08:00,0,0
contact/styles.css,26,css,b96f8a55,Neil Dandekar,2025-01-18,23:57:18,-08:00,2025-01-18T23:57:18-08:00,0,21
contact/styles.css,27,css,b96f8a55,Neil Dandekar,2025-01-18,23:57:18,-08:00,2025-01-18T23:57:18-08:00,0,25
contact/styles.css,28,css,b96f8a55,Neil Dandekar,2025-01-18,23:57:18,-08:00,2025-01-18T23:57:18-08:00,0,12
contact/styles.css,29,css,b96f8a55,Neil Dandekar,2025-01-18,23:57:18,-08:00,2025-01-18T23:57:18-08:00,0,12
contact/styles.css,30,css,b96f8a55,Neil Dandekar,2025-01-18,23:57:18,-08:00,2025-01-18T23:57:18-08:00,0,15
contact/styles.css,31,css,b96f8a55,Neil Dandekar,2025-01-18,23:57:18,-08:00,2025-01-18T23:57:18-08:00,0,32
contact/styles.css,32,css,b96f8a55,Neil Dandekar,2025-01-18,23:57:18,-08:00,2025-01-18T23:57:18-08:00,0,0
contact/styles.css,33,css,b96f8a55,Neil Dandekar,2025-01-18,23:57:18,-08:00,2025-01-18T23:57:18-08:00,0,0
contact/styles.css,34,css,b96f8a55,Neil Dandekar,2025-01-18,23:57:18,-08:00,2025-01-18T23:57:18-08:00,0,27
contact/styles.css,35,css,b96f8a55,Neil Dandekar,2025-01-18,23:57:18,-08:00,2025-01-18T23:57:18-08:00,0,25
contact/styles.css,36,css,b96f8a55,Neil Dandekar,2025-01-18,23:57:18,-08:00,2025-01-18T23:57:18-08:00,0,0
contact/index.html,1,html,b3eabee,Neil Dandekar,2025-01-10,20:25:50,-08:00,2025-01-10T20:25:50-08:00,0,14
contact/index.html,2,html,b3eabee,Neil Dandekar,2025-01-10,20:25:50,-08:00,2025-01-10T20:25:50-08:00,0,15
contact/index.html,3,html,b3eabee,Neil Dandekar,2025-01-10,20:25:50,-08:00,2025-01-10T20:25:50-08:00,0,5
contact/index.html,4,html,b3eabee,Neil Dandekar,2025-01-10,20:25:50,-08:00,2025-01-10T20:25:50-08:00,0,23
contact/index.html,5,html,b3eabee,Neil Dandekar,2025-01-10,20:25:50,-08:00,2025-01-10T20:25:50-08:00,0,71
contact/index.html,6,html,b3eabee,Neil Dandekar,2025-01-10,20:25:50,-08:00,2025-01-10T20:25:50-08:00,0,21
contact/index.html,7,html,edb9c61f,Neil Dandekar,2025-01-18,23:46:11,-08:00,2025-01-18T23:46:11-08:00,0,0
contact/index.html,8,html,2b2980da,Neil Dandekar,2025-01-24,16:59:25,-08:00,2025-01-24T16:59:25-08:00,0,32
contact/index.html,9,html,2b2980da,Neil Dandekar,2025-01-24,16:59:25,-08:00,2025-01-24T16:59:25-08:00,0,7
contact/index.html,10,html,2b2980da,Neil Dandekar,2025-01-24,16:59:25,-08:00,2025-01-24T16:59:25-08:00,0,51
contact/index.html,11,html,2b2980da,Neil Dandekar,2025-01-24,16:59:25,-08:00,2025-01-24T16:59:25-08:00,0,44
contact/index.html,12,html,2b2980da,Neil Dandekar,2025-01-24,16:59:25,-08:00,2025-01-24T16:59:25-08:00,0,3
contact/index.html,13,html,2b2980da,Neil Dandekar,2025-01-24,16:59:25,-08:00,2025-01-24T16:59:25-08:00,0,42
contact/index.html,14,html,2b2980da,Neil Dandekar,2025-01-24,16:59:25,-08:00,2025-01-24T16:59:25-08:00,0,39
contact/index.html,15,html,2b2980da,Neil Dandekar,2025-01-24,16:59:25,-08:00,2025-01-24T16:59:25-08:00,0,2
contact/index.html,16,html,2b2980da,Neil Dandekar,2025-01-24,16:59:25,-08:00,2025-01-24T16:59:25-08:00,0,60
contact/index.html,17,html,2b2980da,Neil Dandekar,2025-01-24,16:59:25,-08:00,2025-01-24T16:59:25-08:00,0,7
contact/index.html,18,html,e7a9e46a,Neil Dandekar,2025-01-24,17:10:05,-08:00,2025-01-24T17:10:05-08:00,0,69
contact/index.html,19,html,2b2980da,Neil Dandekar,2025-01-24,16:59:25,-08:00,2025-01-24T16:59:25-08:00,0,0
contact/index.html,20,html,15ee4953,Neil Dandekar,2025-01-24,17:16:08,-08:00,2025-01-24T17:16:08-08:00,0,0
contact/index.html,21,html,15ee4953,Neil Dandekar,2025-01-24,17:16:08,-08:00,2025-01-24T17:16:08-08:00,0,50
contact/index.html,22,html,15ee4953,Neil Dandekar,2025-01-24,17:16:08,-08:00,2025-01-24T17:16:08-08:00,0,42
contact/index.html,23,html,2b2980da,Neil Dandekar,2025-01-24,16:59:25,-08:00,2025-01-24T16:59:25-08:00,0,8
contact/index.html,24,html,2b2980da,Neil Dandekar,2025-01-24,16:59:25,-08:00,2025-01-24T16:59:25-08:00,0,0
contact/index.html,25,html,2b2980da,Neil Dandekar,2025-01-24,16:59:25,-08:00,2025-01-24T16:59:25-08:00,0,23
contact/index.html,26,html,85993989,Neil Dandekar,2025-01-24,17:38:43,-08:00,2025-01-24T17:38:43-08:00,0,42
contact/index.html,27,html,2b2980da,Neil Dandekar,2025-01-24,16:59:25,-08:00,2025-01-24T16:59:25-08:00,0,0
contact/index.html,28,html,2b2980da,Neil Dandekar,2025-01-24,16:59:25,-08:00,2025-01-24T16:59:25-08:00,0,24
contact/index.html,29,html,85993989,Neil Dandekar,2025-01-24,17:38:43,-08:00,2025-01-24T17:38:43-08:00,0,50
contact/index.html,30,html,b3eabee,Neil Dandekar,2025-01-10,20:25:50,-08:00,2025-01-10T20:25:50-08:00,0,6
contact/index.html,31,html,b3eabee,Neil Dandekar,2025-01-10,20:25:50,-08:00,2025-01-10T20:25:50-08:00,0,5
contact/index.html,32,html,b3eabee,Neil Dandekar,2025-01-10,20:25:50,-08:00,2025-01-10T20:25:50-08:00,0,21
contact/index.html,33,html,b3eabee,Neil Dandekar,2025-01-10,20:25:50,-08:00,2025-01-10T20:25:50-08:00,0,0
contact/index.html,34,html,b3eabee,Neil Dandekar,2025-01-10,20:25:50,-08:00,2025-01-10T20:25:50-08:00,0,15
contact/index.html,35,html,b3eabee,Neil Dandekar,2025-01-10,20:25:50,-08:00,2025-01-10T20:25:50-08:00,0,0
contact/index.html,36,html,b3eabee,Neil Dandekar,2025-01-10,20:25:50,-08:00,2025-01-10T20:25:50-08:00,0,4
contact/index.html,37,html,a28746e8,Neil Dandekar,2025-01-18,23:42:40,-08:00,2025-01-18T23:42:40-08:00,0,19
contact/index.html,38,html,b3eabee,Neil Dandekar,2025-01-10,20:25:50,-08:00,2025-01-10T20:25:50-08:00,0,34
contact/index.html,39,html,b3eabee,Neil Dandekar,2025-01-10,20:25:50,-08:00,2025-01-10T20:25:50-08:00,0,12
contact/index.html,40,html,b3eabee,Neil Dandekar,2025-01-10,20:25:50,-08:00,2025-01-10T20:25:50-08:00,0,0
contact/index.html,41,html,1859af98,Neil Dandekar,2025-01-10,20:40:23,-08:00,2025-01-10T20:40:23-08:00,0,33
contact/index.html,42,html,48fc1fb5,Neil Dandekar,2025-01-10,20:33:45,-08:00,2025-01-10T20:33:45-08:00,0,34
contact/index.html,43,html,b3eabee,Neil Dandekar,2025-01-10,20:25:50,-08:00,2025-01-10T20:25:50-08:00,0,0
contact/index.html,44,html,1859af98,Neil Dandekar,2025-01-10,20:40:23,-08:00,2025-01-10T20:40:23-08:00,0,37
contact/index.html,45,html,1859af98,Neil Dandekar,2025-01-10,20:40:23,-08:00,2025-01-10T20:40:23-08:00,0,23
contact/index.html,46,html,b3eabee,Neil Dandekar,2025-01-10,20:25:50,-08:00,2025-01-10T20:25:50-08:00,0,0
contact/index.html,47,html,1859af98,Neil Dandekar,2025-01-10,20:40:23,-08:00,2025-01-10T20:40:23-08:00,0,34
contact/index.html,48,html,1859af98,Neil Dandekar,2025-01-10,20:40:23,-08:00,2025-01-10T20:40:23-08:00,0,32
contact/index.html,49,html,b3eabee,Neil Dandekar,2025-01-10,20:25:50,-08:00,2025-01-10T20:25:50-08:00,0,0
contact/index.html,50,html,1859af98,Neil Dandekar,2025-01-10,20:40:23,-08:00,2025-01-10T20:40:23-08:00,0,22
contact/index.html,51,html,b3eabee,Neil Dandekar,2025-01-10,20:25:50,-08:00,2025-01-10T20:25:50-08:00,0,6
contact/index.html,52,html,31772afa,Neil Dandekar,2025-01-25,15:42:41,-08:00,2025-01-25T15:42:41-08:00,0,46
contact/index.html,53,html,b3eabee,Neil Dandekar,2025-01-10,20:25:50,-08:00,2025-01-10T20:25:50-08:00,0,6
contact/index.html,54,html,b3eabee,Neil Dandekar,2025-01-10,20:25:50,-08:00,2025-01-10T20:25:50-08:00,0,6
